Date,Open,High,Low,Close
02-01-2009,9973.05957,10070.28027,9863.860352,9958.219727
05-01-2009,10124.91992,10306.16992,10069.11035,10275.59961
06-01-2009,10241.50977,10392.12012,10150.67969,10335.92969
07-01-2009,10424.95996,10469.71973,9510.150391,9586.879883
09-01-2009,9434.849609,9630.400391,9250.820312,9406.469727
12-01-2009,9306.740234,9327.299805,9024.450195,9110.049805
13-01-2009,9042.360352,9261,8992.919922,9071.360352
14-01-2009,9223.160156,9412.969727,9071.360352,9370.490234
15-01-2009,9000.620117,9123.780273,8946.620117,9046.740234
16-01-2009,9125.650391,9342.469727,9125.650391,9323.589844
19-01-2009,9365.040039,9409.509766,9273.469727,9329.570312
20-01-2009,9159.759766,9159.759766,9033.549805,9100.549805
21-01-2009,8900.780273,9051.30957,8734.929688,8779.169922
22-01-2009,8905.969727,8927.69043,8699.320312,8813.839844
23-01-2009,8804.150391,8858.839844,8631.599609,8674.349609
27-01-2009,8803.070312,9021.969727,8791.580078,9004.080078
28-01-2009,9077.650391,9270.75,9053.799805,9257.469727
29-01-2009,9340.589844,9379.679688,9164.959961,9236.280273
30-01-2009,9111.120117,9438.30957,9088.150391,9424.240234
02-02-2009,9363.580078,9363.580078,9048.969727,9066.700195
03-02-2009,9128.990234,9302.25,9040.55957,9149.299805
04-02-2009,9226.200195,9338.209961,9164.160156,9201.849609
05-02-2009,9241.55957,9247.089844,9017.080078,9090.879883
06-02-2009,9161.490234,9321.379883,9160.830078,9300.860352
09-02-2009,9359,9601.55957,9329.299805,9583.889648
10-02-2009,9589.950195,9724.870117,9510.629883,9647.469727
11-02-2009,9462.139648,9648.389648,9459.589844,9618.540039
12-02-2009,9559.030273,9578.990234,9445.540039,9465.830078
13-02-2009,9540.599609,9695.589844,9540.599609,9634.740234
16-02-2009,9637.040039,9637.040039,9279.099609,9305.450195
17-02-2009,9213.400391,9213.400391,8994.339844,9035
18-02-2009,8939.379883,9112.990234,8929.620117,9015.179688
19-02-2009,9034.900391,9111.269531,8977.799805,9042.629883
20-02-2009,8943.780273,8943.780273,8762.580078,8843.209961
24-02-2009,8707.349609,8856.519531,8619.219727,8822.05957
25-02-2009,8913.44043,8995.040039,8880.150391,8902.55957
26-02-2009,8905.55957,8998.30957,8788.94043,8954.860352
27-02-2009,8944.110352,8944.110352,8728.660156,8891.610352
02-03-2009,8762.879883,8762.879883,8563.519531,8607.080078
03-03-2009,8583.05957,8635.200195,8393.049805,8427.290039
04-03-2009,8473.25,8501.459961,8373.240234,8446.490234
05-03-2009,8535.030273,8535.030273,8167.75,8197.919922
06-03-2009,8103.75,8347.099609,8047.169922,8325.820312
09-03-2009,8259.219727,8259.219727,8110.100098,8160.399902
12-03-2009,8274.780273,8439.259766,8274.780273,8343.75
13-03-2009,8480.740234,8793.209961,8480.740234,8756.610352
16-03-2009,8793.889648,8955.730469,8697.459961,8943.540039
17-03-2009,8942.009766,9024.120117,8801.790039,8863.820312
18-03-2009,8956.299805,9120.400391,8951.320312,8976.679688
19-03-2009,9023.040039,9086.769531,8900.389648,9001.75
20-03-2009,8951.339844,8999.980469,8867.129883,8966.679688
23-03-2009,9040.299805,9454.69043,9040.299805,9424.019531
24-03-2009,9549.519531,9699,9402.639648,9471.040039
25-03-2009,9442.299805,9704.69043,9430.450195,9667.900391
26-03-2009,9739.929688,10061.36035,9739.929688,10003.09961
27-03-2009,10036.79981,10127.08984,9913.400391,10048.49023
30-03-2009,9902.349609,9902.349609,9521.759766,9568.139648
31-03-2009,9633.209961,9826.219727,9547.209961,9708.5
01-04-2009,9745.769531,9921.959961,9546.290039,9901.990234
02-04-2009,10107.25,10431.98047,10107.25,10348.83008
06-04-2009,10521.78027,10654.88965,10410.44043,10534.87012
08-04-2009,10283.58008,10778.11035,10173,10742.33984
09-04-2009,10876.15039,10929.33008,10655.95996,10803.86035
13-04-2009,10916.42969,11069.54004,10800.83984,10967.21973
15-04-2009,10805.13965,11337.75,10719.17969,11284.73047
16-04-2009,11358.05957,11362.30957,10900.46973,10947.40039
17-04-2009,11067.70996,11339.46973,10946.25,11023.08984
20-04-2009,11065.09961,11209.66016,10863.28027,10979.5
21-04-2009,10765.38965,11068.82031,10764.08008,10898.11035
22-04-2009,10968.59961,11036.24023,10715.66016,10817.54004
23-04-2009,10841.57031,11200.86035,10758.96973,11134.99023
24-04-2009,11149.46973,11362.87988,11070.33008,11329.04981
27-04-2009,11237.41992,11492.09961,11176.54981,11371.84961
28-04-2009,11371.33984,11371.33984,10961.75977,11001.75
29-04-2009,11091.55957,11430.25,11091.55957,11403.25
04-05-2009,11635.24023,12160.32031,11635.24023,12134.75
05-05-2009,12159.74023,12197.87988,11985.87988,12131.08008
06-05-2009,12100.69043,12272.04004,11899.41016,11952.75
07-05-2009,12064.50977,12143.9502,11981.12988,12116.94043
08-05-2009,12092.96973,12180.07031,11765.05957,11876.42969
11-05-2009,11997.37012,12026.59961,11621.29981,11682.99023
12-05-2009,11629.96973,12194.62988,11625.38965,12158.03027
13-05-2009,12201.92969,12256.42969,11934.44043,12019.65039
14-05-2009,11774.04004,11935.86035,11695.51953,11872.91016
15-05-2009,11948.7002,12218.98047,11948.7002,12173.41992
18-05-2009,13479.38965,14284.20996,13479.38965,14284.20996
19-05-2009,14757.82031,14930.54004,13840.83008,14302.03027
20-05-2009,14230.73047,14405.50977,13976.49023,14060.66016
21-05-2009,14043.37988,14089.50977,13704.42969,13736.54004
22-05-2009,13663.54004,13936.92969,13611.29981,13887.15039
25-05-2009,13999.44043,14027.59961,13819.78027,13913.21973
26-05-2009,13983.25977,13991.45996,13524.92969,13589.23047
27-05-2009,13851.84961,14122.78027,13848.15039,14109.63965
28-05-2009,14139.13965,14376.33984,14080.98047,14296.00977
29-05-2009,14384.75977,14726.59961,14384.75977,14625.25
01-06-2009,14790.88965,14906.80957,14658.00977,14840.62988
02-06-2009,14942.20996,14994.21973,14608.23047,14874.91016
03-06-2009,14902.62012,15045.87988,14734.90039,14870.90039
04-06-2009,14755.08008,15026.03027,14601.91016,15008.67969
05-06-2009,15040.24023,15257.29981,14994.04981,15103.54981
08-06-2009,15153.20996,15184.87012,14604.23047,14665.91992
09-06-2009,14618.98047,15159.26953,14526.69043,15127
10-06-2009,15168.17969,15580.80957,15168.17969,15466.80957
11-06-2009,15517.36035,15568.74023,15242.19043,15411.46973
12-06-2009,15446.82031,15600.29981,15174.28027,15237.94043
15-06-2009,15195.83008,15261.03027,14808.08984,14875.51953
16-06-2009,14788.26953,15022.19043,14621.96973,14957.91016
17-06-2009,14978.5,14995.66016,14447.92969,14522.83984
18-06-2009,14503.04981,14630.73047,14188.25,14265.53027
19-06-2009,14321.98047,14559.08008,14179.76953,14521.88965
22-06-2009,14591.28027,14668.40039,14269.76953,14326.21973
23-06-2009,14147.87012,14394.19043,14016.9502,14324.00977
24-06-2009,14388.20996,14479.82031,14207.01953,14422.73047
25-06-2009,14476.15039,14578.45996,14261.13965,14345.62012
26-06-2009,14373.57031,14781.94043,14373.57031,14764.63965
29-06-2009,14764.63965,14955.54981,14685.4502,14785.74023
30-06-2009,14785.74023,14907.48047,14420.41016,14493.83984
01-07-2009,14493.83984,14727.49023,14355.51953,14645.46973
02-07-2009,14694.30957,14764.34961,14469.69043,14658.49023
03-07-2009,14552.71973,14945.84961,14499.74023,14913.04981
06-07-2009,14962.12012,15097.87012,13959.44043,14043.40039
07-07-2009,14103.65039,14251.87988,14000.67969,14170.4502
08-07-2009,14039.58008,14039.58008,13701.75977,13769.15039
09-07-2009,13796.19043,13879.17969,13643.96973,13757.45996
10-07-2009,13803.12012,13897.19043,13418.38965,13504.21973
13-07-2009,13405.9502,13461.67969,13219.99023,13400.32031
14-07-2009,13549.41992,13903.48047,13549.41992,13853.7002
15-07-2009,13917.26953,14299.54004,13891.04004,14253.24023
16-07-2009,14351.96973,14493.09961,14169.58008,14250.25
17-07-2009,14325.58008,14800.7002,14250.25,14744.91992
20-07-2009,14854.16992,15209.36035,14854.16992,15191.00977
21-07-2009,15218.83008,15234.20996,14955.87988,15062.49023
22-07-2009,15124.91992,15369.41992,14786.58008,14843.12012
23-07-2009,15008.78027,15264.83984,14843.12012,15231.04004
24-07-2009,15272.00977,15418.61035,15168.51953,15378.95996
27-07-2009,15350.88965,15463.08984,15228.45996,15375.04004
28-07-2009,15428.5,15463.45996,15240.53027,15331.94043
29-07-2009,15293.19043,15379.42969,14888.41016,15173.45996
30-07-2009,15169.23047,15409.91016,15065.48047,15387.95996
31-07-2009,15449.46973,15732.80957,15449.46973,15670.30957
03-08-2009,15694.78027,15963.36035,15608.40039,15924.23047
04-08-2009,15940.09961,16002.45996,15699.12988,15830.98047
05-08-2009,15882.38965,15973.09961,15695.11035,15903.83008
06-08-2009,15881.46973,15969.80957,15443.21973,15514.03027
07-08-2009,15440.9502,15501.94043,15104,15160.24023
10-08-2009,15287.13965,15417.33984,14902.01953,15009.76953
11-08-2009,15000.37988,15218.65039,14864.23047,15074.58984
12-08-2009,14953.44043,15043.62012,14701.04981,15020.16016
13-08-2009,15207.95996,15545.12988,15207.95996,15518.49023
14-08-2009,15530.37988,15535.46973,15367.61035,15411.62988
17-08-2009,15284.23047,15411.62988,14740.62988,14784.91992
18-08-2009,14745.79981,15134.50977,14740.25977,15035.25977
19-08-2009,15079.04004,15096.94043,14684.4502,14809.63965
20-08-2009,14930.04981,15145,14928.17969,15012.32031
21-08-2009,14951.49023,15275.16992,14835.08008,15240.83008
24-08-2009,15362.92969,15676.34961,15362.92969,15628.75
25-08-2009,15573.91016,15735.32031,15423.38965,15688.46973
26-08-2009,15763.08984,15831.49023,15695.94043,15769.84961
27-08-2009,15711.79981,15853.70996,15685.49023,15781.07031
28-08-2009,15770.19043,15957.66992,15663.34961,15922.33984
31-08-2009,15812.15039,15821.34961,15589.79981,15666.63965
01-09-2009,15691.26953,15923.08984,15475.28027,15551.19043
02-09-2009,15482.04981,15628.09961,15392.67969,15467.45996
03-09-2009,15539.33984,15598.17969,15356.71973,15398.33008
04-09-2009,15425.86035,15740.83008,15358.94043,15689.12012
07-09-2009,15793.26953,16035.5,15793.26953,16016.32031
08-09-2009,16030.55957,16232.16016,16030.55957,16123.66992
09-09-2009,16111.08984,16215.74023,16044.76953,16183.54981
10-09-2009,16295.91992,16434.76953,16166.41992,16216.86035
11-09-2009,16254.57031,16337.98047,16130.32031,16264.29981
14-09-2009,16185.25977,16252.17969,16119.9502,16214.19043
15-09-2009,16255.41992,16477.23047,16255.41992,16454.44922
16-09-2009,16498.58984,16700.56055,16498.58984,16677.03906
17-09-2009,16686.38086,16820.01953,16636.55078,16711.10938
18-09-2009,16650.05078,16765.0293,16610.05078,16741.30078
22-09-2009,16805.2207,16943.49023,16763.7793,16886.42969
23-09-2009,16905.5,16905.58008,16683.7793,16719.5
24-09-2009,16634.08008,16834.09961,16494.91992,16781.42969
25-09-2009,16679.99023,16812.01953,16613.2207,16693
29-09-2009,16829.10938,16907.83984,16802.80078,16852.91016
30-09-2009,16868.46094,17142.51953,16868.46094,17126.83984
01-10-2009,17186.19922,17195.60938,17059.35938,17134.55078
05-10-2009,17062.00977,17062.00977,16835.80078,16866.41016
06-10-2009,16879.38086,16988.56055,16622.05078,16958.53906
07-10-2009,17069.41992,17120.56055,16764.07031,16806.66016
08-10-2009,16908.01953,16998.51953,16775.35938,16843.53906
09-10-2009,16915.96094,16963.08008,16606.94922,16642.66016
12-10-2009,16687.32031,17068.7793,16687.32031,17026.66992
14-10-2009,17117.90039,17274.58984,17117.90039,17231.10938
15-10-2009,17274.07031,17350.39063,17092.83008,17195.19922
16-10-2009,17196.80078,17347.84961,17126.55078,17322.82031
20-10-2009,17414.80078,17457.25977,17185.03906,17223.00977
21-10-2009,17229.7207,17248.68945,16997.85938,17009.16992
22-10-2009,17031.53906,17031.53906,16721.25977,16789.74023
23-10-2009,16795.66016,17006.76953,16765.19922,16810.81055
26-10-2009,16808.05078,16938.88086,16706.08008,16740.5
27-10-2009,16699.08984,16699.08984,16311.5,16353.40039
28-10-2009,16335.78027,16411.14063,16144.16992,16283.49023
29-10-2009,16191.38965,16264.08984,15993.83008,16052.71973
30-10-2009,16135.87012,16360.87988,15805.2002,15896.28027
03-11-2009,15838.62988,15957.05957,15330.55957,15404.94043
04-11-2009,15487.96973,15929.08984,15487.96973,15912.12988
05-11-2009,15926.12988,16092.37988,15564.88965,16063.90039
06-11-2009,16137.41992,16283.86035,16075.19043,16158.28027
09-11-2009,16190.79004,16517.41992,16147.20996,16498.7207
10-11-2009,16552.42969,16677.5293,16371.66016,16440.56055
11-11-2009,16444.43945,16887.80078,16405.18945,16849.59961
12-11-2009,16822.17969,16896.61914,16605.00977,16696.0293
13-11-2009,16693.15039,16909.74023,16666.69922,16848.83008
16-11-2009,16893.10938,17083.19922,16893.10938,17032.50977
17-11-2009,17036.23047,17080.16992,16882.98047,17050.65039
18-11-2009,17032.00977,17098.78906,16958.41016,16998.7793
19-11-2009,17004.98047,17004.98047,16712.33008,16785.65039
20-11-2009,16772.75,17041.78906,16635.75,17021.84961
23-11-2009,17067.14063,17214.58008,17045.01953,17180.17969
24-11-2009,17230.85938,17230.85938,17027.51953,17131.08008
25-11-2009,17149.08008,17290.48047,17124.15039,17198.94922
26-11-2009,17199.05078,17202.50977,16808.86914,16854.92969
27-11-2009,16718.80078,16718.80078,16210.44043,16632.00977
30-11-2009,16655.75,17026.91016,16655.75,16926.2207
01-12-2009,16947.46094,17218.46094,16947.46094,17198.26953
02-12-2009,17226.49023,17329.67969,17142.35938,17169.91016
03-12-2009,17199.64063,17361.26953,17128.21094,17185.67969
04-12-2009,17182.23047,17291.83008,17032.81055,17101.53906
07-12-2009,17106.74023,17176.61914,16943.00977,16983.14063
08-12-2009,16984.53906,17237.78906,16964.10938,17227.67969
09-12-2009,17204.32031,17227.96094,17057.36914,17125.2207
10-12-2009,17107,17231.05078,17032.30078,17189.31055
11-12-2009,17199.74023,17351.71094,17056.11914,17119.0293
14-12-2009,17118.14063,17275.18945,17048.16992,17097.55078
15-12-2009,17150.58984,17200.4707,16835.7793,16877.16016
16-12-2009,16866.94922,16996.11914,16777.93945,16912.76953
17-12-2009,16912.25,16979.51953,16826,16894.25
18-12-2009,16855.91016,16899.18945,16693.06055,16719.83008
21-12-2009,16724.83984,16750.99023,16577.7793,16601.19922
22-12-2009,16633.81055,16738.11914,16633.81055,16692
23-12-2009,16723.96094,17252.08984,16723.96094,17231.10938
24-12-2009,17265.4707,17413.68945,17198.08984,17360.60938
29-12-2009,17388.66992,17486.05078,17372.63086,17401.56055
30-12-2009,17402.24023,17440.05078,17322.80078,17343.82031
31-12-2009,17365.36914,17530.93945,17365.36914,17464.81055
04-01-2010,17473.44922,17582.83984,17378.38086,17558.73047
05-01-2010,17555.76953,17729.7793,17555.76953,17686.24023
06-01-2010,17719.4707,17790.33008,17636.71094,17701.13086
07-01-2010,17701.9707,17733.33984,17566.53906,17615.7207
08-01-2010,17603.86914,17658.11914,17508.96094,17540.28906
11-01-2010,17724.58984,17776.57031,17500.78906,17526.71094
12-01-2010,17534.09961,17612,17392.55078,17422.50977
13-01-2010,17368.0293,17528.31055,17276.46094,17509.80078
14-01-2010,17525.71094,17628.03906,17525.71094,17584.86914
15-01-2010,17604.31055,17639.84961,17529.10938,17554.30078
18-01-2010,17538.7207,17712.59961,17505.5,17641.08008
19-01-2010,17650.82031,17664.85938,17463.7793,17486.06055
20-01-2010,17486.68945,17590.58984,17425.05078,17474.49023
21-01-2010,17474.49023,17474.49023,17025.25977,17051.14063
22-01-2010,16978.35938,17000.33008,16608.08984,16859.67969
25-01-2010,16847.69922,16877.76953,16705.56055,16780.46094
27-01-2010,16708.59961,16708.59961,16230.84961,16289.82031
28-01-2010,16317.16016,16524.68945,16182.13965,16306.87012
29-01-2010,16253.82031,16390.31055,15982.08008,16357.95996
01-02-2010,16339.32031,16422.40039,16160.79981,16356.03027
02-02-2010,16368.44043,16525.98047,16129.11035,16163.44043
03-02-2010,16210.25,16552.99023,16210.25,16496.05078
04-02-2010,16500.28906,16508.2207,16188.79981,16224.9502
05-02-2010,16222.55957,16222.55957,15725.42969,15790.92969
08-02-2010,15931.33984,16061.41016,15651.99023,15935.61035
09-02-2010,15940.73047,16094.12988,15862.90039,16042.17969
10-02-2010,16042.17969,16141.12988,15892.00977,15922.16992
11-02-2010,15928.28027,16202.87012,15928.28027,16152.58984
15-02-2010,16186.90039,16227.04004,16011.82031,16038.34961
16-02-2010,16042.17969,16310.38965,16021.29004,16226.67969
17-02-2010,16228.91016,16480.89063,16228.91016,16428.91016
18-02-2010,16421.19922,16452.50977,16287.16992,16327.83984
19-02-2010,16256.53027,16301.94043,16074.58008,16191.62988
22-02-2010,16191.32031,16423.23047,16191.32031,16237.04981
23-02-2010,16213.13965,16324.92969,16178.91016,16286.32031
24-02-2010,16218.67969,16328.44043,16187.44043,16255.96973
25-02-2010,16264.09961,16329.33008,16167.12988,16254.2002
26-02-2010,16255.33008,16669.25,16249.66992,16429.55078
02-03-2010,16438.44922,16808.49023,16438.44922,16772.56055
03-03-2010,16778.28906,17012.60938,16778.28906,17000.00977
04-03-2010,17013.67969,17024.96094,16888.05078,16971.69922
05-03-2010,16988.28906,17097.71094,16936.11914,16994.49023
08-03-2010,17034.91992,17187.55078,17034.91992,17102.59961
09-03-2010,17089.2207,17130.83008,17031.21094,17052.53906
10-03-2010,17072.93945,17183.50977,17027.91992,17098.33008
11-03-2010,17087.63086,17215.07031,17054.2793,17167.96094
12-03-2010,17176.01953,17244.53906,17126.92969,17166.61914
15-03-2010,17166.9707,17195.49023,17061.14063,17164.99023
16-03-2010,17169.83984,17416.55078,17150.06055,17383.17969
17-03-2010,17389.4707,17576.7793,17389.4707,17490.08008
18-03-2010,17492.81055,17548.13086,17417.60938,17519.25977
19-03-2010,17531.4707,17600.86914,17502.14063,17578.23047
22-03-2010,17481.96094,17559.17969,17337.38086,17410.57031
23-03-2010,17422.50977,17530.78906,17356.64063,17451.01953
25-03-2010,17458.50977,17575.23047,17383.21094,17558.84961
26-03-2010,17558.84961,17682.93945,17558.84961,17644.75977
29-03-2010,17639.17969,17793.00977,17639.17969,17711.34961
30-03-2010,17703.66992,17783.34961,17558.2207,17590.16992
31-03-2010,17602.39063,17699.5,17488.55078,17527.76953
01-04-2010,17555.03906,17706.56055,17555.03906,17692.61914
05-04-2010,17693.66016,17948.53906,17693.66016,17935.67969
06-04-2010,17940.32031,17991.41016,17898,17941.36914
07-04-2010,17915.59961,18047.85938,17878.31055,17970.01953
08-04-2010,17950.56055,17960.91016,17679.33984,17714.40039
09-04-2010,17715.16016,17971.4707,17715.16016,17933.14063
12-04-2010,17874.16016,17995.25,17816.18945,17853
13-04-2010,17831.38086,17892.7793,17736.08984,17821.96094
15-04-2010,17804.55078,17975.57031,17619.01953,17639.25977
16-04-2010,17645.91016,17663.99023,17529.55078,17591.17969
19-04-2010,17584.85938,17584.85938,17276.80078,17400.67969
20-04-2010,17394.67969,17560.08984,17394.67969,17460.58008
21-04-2010,17458.75977,17565.55078,17446.50977,17472.56055
22-04-2010,17476.48047,17778.33984,17408.01953,17573.99023
23-04-2010,17533.88086,17725.88086,17533.88086,17694.19922
26-04-2010,17692.25977,17826.48047,17692.25977,17745.2793
27-04-2010,17744.92969,17769.25,17678.56055,17690.61914
28-04-2010,17643.58984,17643.58984,17344.58008,17380.08008
29-04-2010,17382.08984,17532.85938,17382.08984,17503.4707
30-04-2010,17503.4707,17646.60938,17503.4707,17558.71094
03-05-2010,17536.85938,17536.85938,17345.91992,17386.08008
04-05-2010,17371.75,17464.82031,17101.96094,17137.14063
05-05-2010,17103.94922,17121.66016,16858.23047,17087.96094
06-05-2010,17080.4707,17080.4707,16823,16987.5293
07-05-2010,16939.58008,16939.58008,16684.13086,16769.10938
10-05-2010,16799.49023,17356.53906,16799.49023,17330.55078
11-05-2010,17336.13086,17379.15039,17104.44922,17141.5293
12-05-2010,17141.5293,17252.51953,17028.08008,17195.81055
13-05-2010,17323.63086,17389.15039,17240.34961,17265.86914
14-05-2010,17267.25,17329.32031,16923.65039,16994.59961
17-05-2010,16961.91992,16961.91992,16551,16835.56055
18-05-2010,16840.58984,17000.33984,16744.13086,16875.75977
19-05-2010,16802.39063,16802.39063,16373.32031,16408.49023
20-05-2010,16419.09961,16617.80078,16419.09961,16519.67969
21-05-2010,16317.94043,16486.74023,16187.03027,16445.60938
24-05-2010,16494.60938,16757.73047,16413.0293,16469.55078
25-05-2010,16444.57031,16444.57031,15960.15039,16022.48047
26-05-2010,16069.78027,16410.34961,16069.78027,16387.83984
27-05-2010,16410.88086,16694.55078,16331.09961,16666.40039
28-05-2010,16692.66016,16891.16992,16692.66016,16863.06055
31-05-2010,16872.16992,16971.15039,16806.5,16944.63086
01-06-2010,16942.82031,16942.82031,16318.38965,16572.0293
02-06-2010,16574.78906,16774.15039,16571.44922,16741.83984
03-06-2010,16786.2793,17072.63086,16786.2793,17022.33008
04-06-2010,17036.55078,17150.41992,16963.91992,17117.68945
07-06-2010,17069.76953,17069.76953,16686.73047,16781.07031
08-06-2010,16760.59961,16895.73047,16560.64063,16617.09961
09-06-2010,16621.11914,16817.68945,16591.25977,16657.89063
10-06-2010,16668.91016,16942.59961,16668.91016,16922.08008
11-06-2010,16994.07031,17131.56055,16994.07031,17064.94922
14-06-2010,17118.74023,17351.17969,17118.74023,17338.16992
15-06-2010,17355.49023,17442.5,17249.46094,17412.83008
16-06-2010,17500.30078,17530.38086,17407.30078,17462.86914
17-06-2010,17490.51953,17647.41992,17394.90039,17616.68945
18-06-2010,17628.01953,17721.99023,17525.28906,17570.82031
21-06-2010,17654.81055,17919.61914,17654.81055,17876.55078
22-06-2010,17868.11914,17868.11914,17725.63086,17749.68945
23-06-2010,17694.86914,17782.41016,17629.18945,17755.93945
24-06-2010,17750.50977,17845.65039,17632.80078,17730.24023
25-06-2010,17705.10938,17714.73047,17546.73047,17574.5293
28-06-2010,17577.66016,17794.80078,17571.84961,17774.25977
29-06-2010,17777.94922,17777.94922,17465.73047,17534.08984
30-06-2010,17476.84961,17725.03906,17373.7793,17700.90039
01-07-2010,17679.33984,17679.33984,17455.41016,17509.33008
02-07-2010,17523.4707,17598.93945,17426.7793,17460.94922
05-07-2010,17473.83008,17505.73047,17423.74023,17441.43945
06-07-2010,17402.67969,17643.14063,17395.58008,17614.48047
07-07-2010,17623.66016,17623.66016,17447.15039,17471.0293
08-07-2010,17536.48047,17728.36914,17536.48047,17651.73047
09-07-2010,17667.84961,17857.58008,17667.84961,17833.53906
12-07-2010,17875.9707,18010.07031,17874.94922,17937.19922
13-07-2010,17908.30078,17998.03906,17855.84961,17985.90039
14-07-2010,18024.94922,18167.2207,17897.25977,17938.16016
15-07-2010,17874.71094,17978.56055,17858.73047,17909.46094
16-07-2010,17911.13086,17980.26953,17892.16016,17955.82031
19-07-2010,17914.11914,18005.07031,17856.40039,17928.41992
20-07-2010,17918.42969,18040.16992,17848.07031,17878.14063
21-07-2010,17873.91992,18012.19922,17873.91992,17977.23047
22-07-2010,17978.36914,18127.90039,17879.88086,18113.15039
23-07-2010,18132.28906,18237.56055,18093.92969,18130.98047
26-07-2010,18056.24023,18194.08984,17993.88086,18020.05078
27-07-2010,17998.74023,18149.56055,17998.74023,18077.60938
28-07-2010,18077.84961,18137.14063,17925.40039,17957.36914
29-07-2010,17961.58008,18013.09961,17902.83984,17992
30-07-2010,17981.06055,18000.34961,17838.91992,17868.28906
02-08-2010,17911.31055,18104.24023,17911.31055,18081.21094
03-08-2010,18149.90039,18167.44922,18072.38086,18114.83008
04-08-2010,18115.56055,18249.46094,18093.0293,18217.43945
05-08-2010,18234.84961,18295.42969,18156.44922,18172.83008
06-08-2010,18165.49023,18244.56055,18118.18945,18143.99023
09-08-2010,18141.10938,18309.25,18139.90039,18287.5
10-08-2010,18272.2793,18293.40039,18170.76953,18219.99023
11-08-2010,18177.34961,18263.88086,18042.89063,18070.18945
12-08-2010,17972.65039,18113.61914,17914.7793,18073.90039
13-08-2010,18080.28906,18260.39063,18050.41992,18167.0293
16-08-2010,18169.80078,18203.91992,17997.46094,18050.7793
17-08-2010,18049.18945,18140.15039,18026,18048.84961
18-08-2010,18067.66992,18286,18067.66992,18257.11914
19-08-2010,18276.5,18475.26953,18276.5,18454.93945
20-08-2010,18444.24023,18464.14063,18360.90039,18401.82031
23-08-2010,18400.33008,18454.38086,18371.01953,18409.34961
24-08-2010,18407.00977,18451.73047,18260.71094,18311.58984
25-08-2010,18308.50977,18312.42969,18156,18179.64063
26-08-2010,18194.7793,18261.06055,18159.13086,18226.34961
27-08-2010,18205.90039,18248.35938,17944.16016,17998.41016
30-08-2010,18063.48047,18216.5,17960.23047,18032.10938
31-08-2010,18015.66016,18015.66016,17819.99023,17971.11914
01-09-2010,18027.11914,18227.14063,18027.11914,18205.86914
02-09-2010,18215.2793,18355.83984,18215.2793,18238.31055
03-09-2010,18238.08008,18316.32031,18206.5,18221.42969
06-09-2010,18124.28906,18600.30078,18124.28906,18560.05078
07-09-2010,18571.73047,18711.19922,18571.42969,18645.06055
08-09-2010,18627.66992,18721.21094,18540.65039,18666.71094
09-09-2010,18669.11914,18823.16992,18669.11914,18799.66016
13-09-2010,18845.31055,19243.43945,18845.31055,19208.33008
14-09-2010,19218.13086,19487.01953,19218.13086,19346.96094
15-09-2010,19343.74023,19554.5,19340.99023,19502.10938
16-09-2010,19476.92969,19636.66016,19383.46094,19417.49023
17-09-2010,19436.71094,19639.17969,19436.71094,19594.75
20-09-2010,19445.41992,19927.30078,19445.41992,19906.09961
21-09-2010,19925.78906,20088.96094,19860.88086,20001.55078
22-09-2010,20039.42969,20105.53906,19804.01953,19941.7207
23-09-2010,19944.30078,19998.32031,19771.63086,19861.00977
24-09-2010,19836.42969,20071.75,19833.51953,20045.17969
27-09-2010,20082.25977,20267.98047,20082.25977,20117.38086
28-09-2010,20114.36914,20157.50977,19981.96094,20104.85938
29-09-2010,20086.89063,20234.05078,19923.10938,19956.33984
30-09-2010,19931.49023,20114.73047,19864.46094,20069.11914
01-10-2010,20094.09961,20475.4707,20094.09961,20445.03906
04-10-2010,20501.21094,20706.74023,20437.35938,20475.73047
05-10-2010,20461.98047,20560.53906,20383.16016,20407.71094
06-10-2010,20448.68945,20669.94922,20447.05078,20543.08008
07-10-2010,20544.30078,20581.28906,20272.76953,20315.32031
08-10-2010,20297.58008,20409.18945,20145.74023,20250.25977
11-10-2010,20250.25977,20461.26953,20250.25977,20339.89063
12-10-2010,20357.78906,20368.40039,20107.25,20203.33984
13-10-2010,20223.44922,20703.9707,20211.66016,20687.88086
14-10-2010,20700.41992,20854.55078,20442.82031,20497.64063
15-10-2010,20518.5,20578.44922,20090.17969,20125.05078
18-10-2010,20160.55078,20229.39063,19870.50977,20168.89063
19-10-2010,20298.55078,20332.01953,19923.96094,19983.13086
20-10-2010,19924.01953,20043.82031,19822.66016,19872.15039
21-10-2010,19951.33984,20293.09961,19886.11914,20260.58008
22-10-2010,20334.14063,20351.74023,20088.66992,20165.85938
25-10-2010,20199.73047,20452.30078,20199.73047,20303.11914
26-10-2010,20325.43945,20344.67969,20189.30078,20221.39063
27-10-2010,20220.58008,20220.58008,19923.71094,20005.36914
28-10-2010,20116.49023,20185.46094,19869.32031,19941.03906
29-10-2010,19986.32031,20080.33008,19768.96094,20032.33984
01-11-2010,20272.49023,20609.65039,20267.09961,20355.63086
02-11-2010,20407.17969,20418.34961,20281.73047,20345.68945
03-11-2010,20472.85938,20538.80078,20426.17969,20465.74023
04-11-2010,20605.63086,20917.0293,20605.63086,20893.57031
05-11-2010,21045.66016,21108.64063,20961.98047,21004.96094
08-11-2010,21041.9707,21075.71094,20822.36914,20852.38086
09-11-2010,20851.91016,20984.08008,20762.81055,20932.48047
10-11-2010,20917.53906,20970.91016,20849.91992,20875.71094
11-11-2010,20930.44922,20937.38086,20544.2207,20589.08984
12-11-2010,20529.74023,20593.91016,20108.40039,20156.89063
15-11-2010,20167.61914,20335.50977,20046.59961,20309.68945
16-11-2010,20371.73047,20380.09961,19832.2207,19865.14063
18-11-2010,19997.83008,20056.43945,19615.50977,19930.64063
19-11-2010,19982.75,19983.89063,19504.86914,19585.43945
22-11-2010,19713.83984,19989.01953,19641.41992,19957.58984
23-11-2010,19841.41992,19841.41992,19342.68945,19691.83984
24-11-2010,19735.2793,19835.57031,19375.91992,19459.84961
25-11-2010,19560.25,19628.26953,19257.36914,19318.16016
26-11-2010,19391.96094,19417.60938,18954.82031,19136.60938
29-11-2010,19230.33984,19450.08984,19167.18945,19405.09961
30-11-2010,19373.23047,19610.46094,19218.01953,19521.25
01-12-2010,19529.99023,19887.25977,19525.15039,19850
02-12-2010,20038.66016,20084.25,19917.76953,19992.69922
03-12-2010,20007.89063,20067.81055,19877.11914,19966.92969
06-12-2010,20038.25,20217.85938,19944.71094,19981.31055
07-12-2010,19982.90039,20008.35938,19824.43945,19934.64063
08-12-2010,19874.30078,19875.50977,19611.34961,19696.48047
09-12-2010,19746.15039,19771.08984,19160.86914,19242.35938
10-12-2010,19201.89063,19537.40039,19074.57031,19508.89063
13-12-2010,19600.2793,19710.57031,19321.41016,19691.7793
14-12-2010,19746.75,19836.82031,19621.41016,19799.18945
15-12-2010,19791.2207,19817.60938,19571.42969,19647.76953
16-12-2010,19698.58008,19897.2207,19554.34961,19864.84961
20-12-2010,19770.01953,20006.16016,19711.11914,19888.88086
21-12-2010,19925.75977,20090.83984,19925.75977,20060.32031
22-12-2010,20118.82031,20151.25,19931.31055,20015.80078
23-12-2010,20038.83008,20076.08008,19939.30078,19982.88086
24-12-2010,19911.46094,20086.41992,19880.35938,20073.66016
27-12-2010,20062.59961,20190.13086,20010.33008,20028.92969
28-12-2010,20056.4707,20090.41016,19981.75977,20025.41992
29-12-2010,20060.88086,20274.19922,20054.64063,20256.0293
30-12-2010,20274.11914,20410.91016,20274.11914,20389.07031
31-12-2010,20412.75977,20552.0293,20412.75977,20509.08984
03-01-2011,20621.60938,20664.80078,20531,20561.05078
04-01-2011,20617.38086,20651.21094,20449.00977,20498.7207
05-01-2011,20509.94922,20509.94922,20243.94922,20301.09961
06-01-2011,20395.5,20425.84961,20107.16992,20184.74023
07-01-2011,20163.84961,20210.61914,19629.2207,19691.81055
10-01-2011,19714.41992,19720.42969,19158.42969,19224.11914
11-01-2011,19279.76953,19431.56055,19003.59961,19196.33984
12-01-2011,19353.33984,19574.63086,19048.56055,19534.09961
13-01-2011,19492.30078,19522.38086,19136.26953,19182.82031
14-01-2011,19198.03906,19447.82031,18811.96094,18860.43945
17-01-2011,18911.42969,19018.93945,18779.38086,18882.25
18-01-2011,18983.19922,19120.61914,18933.4707,19092.05078
19-01-2011,19153.31055,19167.06055,18898.56055,18978.32031
20-01-2011,18892.42969,19100.25977,18794.73047,19046.53906
21-01-2011,19007.08008,19065.33984,18932.40039,19007.5293
24-01-2011,19095.68945,19194.46094,18998.38086,19151.2793
25-01-2011,19227.41992,19340.99023,18949.43945,18969.44922
27-01-2011,19086.68945,19086.68945,18656.05078,18684.42969
28-01-2011,18708.61914,18723.11914,18235.44922,18395.9707
31-01-2011,18226.21094,18395.08984,18038.48047,18327.75977
01-02-2011,18425.17969,18452.06055,17982.16992,18022.2207
02-02-2011,18216.91016,18306,18042.60938,18090.61914
03-02-2011,18113.73047,18466.21094,18064.60938,18449.31055
04-02-2011,18450.07031,18542.19922,17926.98047,18008.15039
07-02-2011,18135.01953,18180.93945,17977.00977,18037.18945
08-02-2011,18141.50977,18141.50977,17742.17969,17775.69922
09-02-2011,17723.99023,17864.32031,17508.34961,17592.76953
10-02-2011,17603.28906,17636.88086,17362.58984,17463.03906
11-02-2011,17519.13086,17752.56055,17295.61914,17728.60938
14-02-2011,17940.16016,18227.61914,17857.11914,18202.19922
15-02-2011,18260.08008,18361.66016,18050.48047,18273.80078
16-02-2011,18273.06055,18358.83984,18216.11914,18300.90039
17-02-2011,18345.11914,18532.60938,18233.78906,18506.82031
18-02-2011,18564.08008,18690.9707,18159.82031,18211.51953
21-02-2011,18238.53906,18457.49023,18082.66016,18438.31055
22-02-2011,18390.7207,18457.90039,18187.33008,18296.16016
23-02-2011,18233.76953,18377.48047,18150.00977,18178.33008
24-02-2011,18135.11914,18135.11914,17559.69922,17632.41016
25-02-2011,17775.08008,17812.43945,17469.9707,17700.91016
28-02-2011,17811.08008,18296.5293,17718.88086,17823.40039
01-03-2011,17982.2793,18478.67969,17964.39063,18446.5
03-03-2011,18318.32031,18603.57031,18253.61914,18489.75977
04-03-2011,18622.69922,18736.9707,18448.68945,18486.44922
07-03-2011,18361.65039,18363.44922,18058.71094,18222.66992
08-03-2011,18277.33984,18466.81055,18266.61914,18439.65039
09-03-2011,18522.80078,18583.30078,18303.80078,18469.94922
10-03-2011,18430.83984,18430.83984,18261.25977,18327.98047
11-03-2011,18248.10938,18368.42969,18063.28906,18174.08984
14-03-2011,18167.09961,18463.83984,18155.42969,18439.48047
15-03-2011,18113.78906,18326.33008,17920.55078,18167.64063
16-03-2011,18263.67969,18444.4707,18263.67969,18358.68945
17-03-2011,18227.16016,18354.26953,18104.01953,18149.86914
18-03-2011,18251.17969,18259.60938,17849.5293,17878.81055
21-03-2011,17984.7207,18007.73047,17792.16992,17839.05078
22-03-2011,17929.08984,18041.38086,17878.80078,17988.30078
23-03-2011,17972.03906,18218.2793,17950.16992,18206.16016
24-03-2011,18286.41992,18373.9707,18269.32031,18350.74023
25-03-2011,18480.68945,18858.30078,18480.68945,18815.64063
28-03-2011,18799.71094,19024.17969,18799.57031,18943.14063
29-03-2011,18949.57031,19226.21094,18944.82031,19120.80078
30-03-2011,19178.76953,19357.09961,19178.76953,19290.17969
31-03-2011,19339.75,19575.16016,19284.34961,19445.2207
01-04-2011,19463.10938,19562.55078,19382.34961,19420.39063
04-04-2011,19473.92969,19729.59961,19449.35938,19701.73047
05-04-2011,19731.38086,19770.21094,19523.53906,19686.82031
06-04-2011,19698.60938,19811.14063,19550.55078,19612.19922
07-04-2011,19620.88086,19665.08984,19537.01953,19591.17969
08-04-2011,19602.81055,19697.21094,19388.41992,19451.44922
11-04-2011,19382.91016,19426.30078,19242.58984,19262.53906
13-04-2011,19187.00977,19737.33008,19101.63086,19696.85938
15-04-2011,19670.07031,19700.96094,19337.11914,19386.82031
18-04-2011,19389.74023,19649.2207,19071.4707,19091.16992
19-04-2011,19091.7793,19201.91992,18976.18945,19121.83008
20-04-2011,19274.21094,19484.76953,19171.0293,19470.98047
21-04-2011,19582.5,19695.98047,19530.5,19602.23047
25-04-2011,19538.51953,19697.49023,19531.33984,19584.31055
26-04-2011,19596.32031,19626.13086,19306.91992,19545.34961
27-04-2011,19610.71094,19633.63086,19412.78906,19448.68945
28-04-2011,19532.84961,19542.05078,19265.91992,19292.01953
29-04-2011,19292.57031,19356.5,19015.05078,19135.96094
02-05-2011,19224.05078,19253.86914,18954.75977,18998.01953
03-05-2011,18979.31055,19024.94922,18502.41992,18534.68945
04-05-2011,18558.33008,18604.35938,18339.5293,18469.35938
05-05-2011,18484.71094,18569.21094,18160.65039,18210.58008
06-05-2011,18289.7793,18568.48047,18271.67969,18518.81055
09-05-2011,18628.63086,18643.58008,18367.21094,18528.96094
10-05-2011,18564.94922,18689.36914,18429.06055,18512.76953
11-05-2011,18572.60938,18622.43945,18454.92969,18584.96094
12-05-2011,18525.32031,18610.01953,18314.33984,18335.78906
13-05-2011,18362.44922,18724.53906,18280.69922,18531.2793
16-05-2011,18492.67969,18492.67969,18319.88086,18345.0293
17-05-2011,18374.44922,18435.80078,18084.66992,18137.34961
18-05-2011,18177.32031,18218.19922,18020.78906,18086.19922
19-05-2011,18166.64063,18198.44922,18057.82031,18141.40039
20-05-2011,18199.96094,18429.4707,18161.38086,18326.08984
23-05-2011,18269.06055,18269.06055,17971.01953,17993.33008
24-05-2011,18016.42969,18110.39063,17933.93945,18011.9707
25-05-2011,17976.35938,17976.35938,17786.13086,17847.24023
26-05-2011,17917.10938,18072.60938,17862.88086,18044.64063
27-05-2011,18105.60938,18298.64063,18087.16016,18266.09961
30-05-2011,18319.74023,18380.16992,18199.51953,18232.06055
31-05-2011,18266.60938,18526.80078,18266.60938,18503.2793
01-06-2011,18527.11914,18636.11914,18514.66016,18608.81055
02-06-2011,18425.84961,18540.66992,18390.57031,18494.17969
03-06-2011,18554.40039,18672.65039,18345.84961,18376.48047
06-06-2011,18344.26953,18458.63086,18258.41992,18420.10938
07-06-2011,18355.30078,18545.94922,18351.24023,18495.61914
08-06-2011,18448.40039,18505.09961,18365.93945,18394.28906
09-06-2011,18394.57031,18449.64063,18327.00977,18384.90039
10-06-2011,18390.41016,18399.01953,18182.90039,18268.53906
13-06-2011,18242.25,18313.21094,18120.75977,18266.0293
14-06-2011,18276.7793,18380.18945,18261.10938,18308.66016
15-06-2011,18298.58984,18308.68945,18111.21094,18132.24023
16-06-2011,18060.10938,18155.09961,17958.93945,17985.88086
17-06-2011,18060.16992,18064.75977,17844.08984,17870.5293
20-06-2011,17925.16992,17925.16992,17314.38086,17506.63086
21-06-2011,17574.36914,17714.88086,17504.26953,17560.30078
22-06-2011,17659.36914,17678.85938,17492.18945,17550.63086
23-06-2011,17526.91992,17754.55078,17482.21094,17727.49023
24-06-2011,17804.93945,18268.94922,17804.93945,18240.67969
27-06-2011,18132.69922,18494.10938,18132.69922,18412.41016
28-06-2011,18493.58984,18527.44922,18323.43945,18492.44922
29-06-2011,18552.18945,18715.39063,18552.18945,18693.85938
30-06-2011,18741.09961,18873.39063,18723.14063,18845.86914
01-07-2011,18974.96094,19031.38086,18713.07031,18762.80078
04-07-2011,18896.24023,18942.41992,18781.88086,18814.48047
05-07-2011,18837.88086,18837.88086,18694.05078,18744.56055
06-07-2011,18730.28906,18823.44922,18682.59961,18726.9707
07-07-2011,18776.61914,19097.7793,18767.25,19078.30078
08-07-2011,19084.06055,19131.69922,18817.71094,18858.03906
11-07-2011,18823.18945,18843.9707,18679.49023,18721.39063
12-07-2011,18534.10938,18589.18945,18326.41992,18411.61914
13-07-2011,18468.82031,18626.41016,18465.40039,18596.01953
14-07-2011,18563.68945,18803.05078,18449.23047,18618.19922
15-07-2011,18694.18945,18936.42969,18513.2207,18561.91992
18-07-2011,18592.18945,18622.56055,18469.5293,18507.03906
19-07-2011,18521.38086,18690.41992,18481.83008,18653.86914
20-07-2011,18756.31055,18765.59961,18473.90039,18502.38086
21-07-2011,18514.65039,18566.99023,18415.35938,18436.18945
22-07-2011,18565.03906,18747.06055,18533.42969,18722.30078
25-07-2011,18753.34961,18932.26953,18670.83984,18871.28906
26-07-2011,18898.18945,18944.59961,18481.63086,18518.2207
27-07-2011,18571.15039,18578.55078,18358.75977,18432.25
28-07-2011,18300.55078,18327.84961,18188.88086,18209.51953
29-07-2011,18194.15039,18334.26953,18131.85938,18197.19922
01-08-2011,18352.23047,18440.07031,18219.25,18314.33008
02-08-2011,18283.55078,18283.55078,18037.86914,18109.89063
03-08-2011,17970.18945,18005.75977,17859.5,17940.55078
04-08-2011,17983.85938,18032.55078,17664.73047,17693.17969
05-08-2011,17350.36914,17358.17969,16990.91016,17305.86914
08-08-2011,16907.57031,17247.86914,16759.44922,16990.17969
09-08-2011,16517.86914,17135.03906,16432,16857.91016
10-08-2011,17244.71094,17256.46094,17022.25,17130.50977
11-08-2011,17056.60938,17207.82031,17012.94922,17059.40039
12-08-2011,17246.88086,17246.88086,16784.56055,16839.63086
16-08-2011,17015.99023,17035.49023,16673.51953,16730.93945
17-08-2011,16782.24023,17000.38086,16708.98047,16840.80078
18-08-2011,16910.26953,16916.81055,16433.31055,16469.78906
19-08-2011,16237.78027,16287.71973,15987.76953,16141.66992
22-08-2011,16155.99023,16370.45996,16046.48047,16341.7002
23-08-2011,16446.84961,16549.21094,16213.17969,16498.4707
24-08-2011,16490.7793,16533.2207,16253.78027,16284.98047
25-08-2011,16338.13965,16373.83984,16104.33984,16146.33008
26-08-2011,16155.54981,16256.37988,15765.53027,15848.83008
29-08-2011,16080.74023,16462.0293,16068.73047,16416.33008
30-08-2011,16585.09961,16714.69922,16443.34961,16676.75
02-09-2011,16963.66992,16989.85938,16688.06055,16821.46094
05-09-2011,16678.33984,16760.07031,16561.46094,16713.33008
06-09-2011,16663.73047,16894.73047,16488.30078,16862.81055
07-09-2011,16922.31055,17157.21094,16922.31055,17065
08-09-2011,17118.08008,17209.66016,16987.36914,17165.53906
09-09-2011,17189.75,17211.80078,16830.94922,16866.9707
12-09-2011,16668.25,16668.25,16393.03906,16501.74023
13-09-2011,16618.16992,16766.18945,16374.67969,16467.43945
14-09-2011,16522.71094,16754.2207,16387.38086,16709.59961
15-09-2011,16837.75977,16922.40039,16545.4707,16876.53906
16-09-2011,17047.73047,17122.53906,16889.58008,16933.83008
19-09-2011,16865.92969,16865.92969,16709.41016,16745.34961
20-09-2011,16768.63086,17135.43945,16758.68945,17099.2793
21-09-2011,17128.83008,17191.11914,17000.60938,17065.15039
22-09-2011,16827.84961,16833.60938,16316.03027,16361.15039
23-09-2011,16222.37012,16368.41016,16052.46973,16162.05957
26-09-2011,16209.19043,16209.19043,15801.00977,16051.09961
27-09-2011,16289.32031,16551.65039,16282.74023,16524.0293
28-09-2011,16663.25977,16663.25977,16363.62988,16446.01953
29-09-2011,16387.91016,16756.08008,16316.66016,16698.07031
30-09-2011,16599.74023,16745.16016,16404.7793,16453.75977
03-10-2011,16255.96973,16255.96973,16056.33008,16151.4502
04-10-2011,16081.76953,16202.37988,15745.42969,15864.86035
05-10-2011,15967.71973,16044.91016,15760.53027,15792.41016
07-10-2011,16222.49023,16347.48047,16148.96973,16232.54004
10-10-2011,16270.07031,16595.92969,16230.76953,16557.23047
11-10-2011,16668.15039,16774.11914,16510.71094,16536.4707
12-10-2011,16660.42969,16987.06055,16608.57031,16958.39063
13-10-2011,17048,17084.07031,16854.0293,16883.91992
14-10-2011,16836.83008,17112.44922,16828.44922,17082.68945
17-10-2011,17176.05078,17188.55078,16928.38086,17025.08984
18-10-2011,16817.38086,16824.75977,16669.03906,16748.28906
19-10-2011,16883.35938,17106.99023,16874.33984,17085.33984
20-10-2011,16911.84961,16962.06055,16744.99023,16936.89063
21-10-2011,16975.78906,17032.32031,16752.21094,16785.64063
24-10-2011,17011.06055,17104.88086,16898.59961,16939.2793
25-10-2011,17012.78906,17322.13086,16900.25977,17254.85938
26-10-2011,17336.33984,17350.49023,17273.51953,17288.83008
28-10-2011,17671.85938,17908.13086,17671.85938,17804.80078
31-10-2011,17806.21094,17813.10938,17668.26953,17705.00977
01-11-2011,17540.55078,17661.7793,17422.4707,17480.83008
02-11-2011,17347.69922,17615.91992,17337.65039,17464.84961
03-11-2011,17430.68945,17527.09961,17278.0293,17481.92969
04-11-2011,17674.69922,17702.25977,17474.39063,17562.60938
08-11-2011,17593.66992,17632.23047,17455.2207,17569.5293
09-11-2011,17641.98047,17658.33984,17331.23047,17362.09961
11-11-2011,17187.89063,17279.23047,17096.83984,17192.82031
14-11-2011,17348.51953,17391.99023,17094.42969,17118.74023
15-11-2011,17081.61914,17172.08984,16837.56055,16882.66992
16-11-2011,16872.30078,16878.30078,16641.65039,16775.86914
17-11-2011,16754.67969,16807.15039,16408.5,16461.71094
18-11-2011,16387.69922,16396.68945,16164.99023,16371.50977
21-11-2011,16297.03027,16297.03027,15900.29981,15946.09961
22-11-2011,15995.69043,16212.9502,15970.11035,16065.41992
23-11-2011,15969.59961,15969.59961,15478.69043,15699.96973
24-11-2011,15715.80957,15901.29981,15479.96973,15858.49023
25-11-2011,15781.25,15891.04981,15645.78027,15695.42969
28-11-2011,15890.79981,16186.67969,15888.28027,16167.12988
29-11-2011,16210.37012,16210.37012,15952.54004,16008.33984
30-11-2011,15868.95996,16179.55957,15849.57031,16123.45996
01-12-2011,16555.92969,16718.10938,16430.60938,16483.44922
02-12-2011,16493.98047,16888.83984,16428.66016,16846.83008
05-12-2011,16812.30078,16863.09961,16691.21094,16805.33008
07-12-2011,16830.03906,17003.71094,16781.61914,16877.06055
08-12-2011,16819.74023,16847.82031,16421.55078,16488.24023
09-12-2011,16258.44043,16382.57031,16142.32031,16213.45996
12-12-2011,16354.95996,16360.32031,15839.95996,15870.34961
13-12-2011,15778.62012,16079.37988,15771.58984,16002.50977
14-12-2011,15963.75,16133.41016,15855.12012,15881.13965
15-12-2011,15739.04981,15908.01953,15596.21973,15836.46973
16-12-2011,15868.78027,16068.90039,15425.2002,15491.34961
19-12-2011,15440.09961,15440.09961,15190.74023,15379.33984
20-12-2011,15436.12012,15448.12988,15135.86035,15175.08008
21-12-2011,15487.75,15727.30957,15377.04004,15685.20996
22-12-2011,15546.66016,15834.62988,15472.7002,15813.36035
23-12-2011,15863.42969,15911.23047,15671.28027,15738.7002
26-12-2011,15782.16992,15998.44043,15761.17969,15970.75
27-12-2011,15983.98047,16049.12012,15799.62988,15873.9502
28-12-2011,15854.36035,15887.79981,15666.45996,15727.84961
29-12-2011,15658.94043,15724.59961,15515.44043,15543.92969
30-12-2011,15583.54981,15694.04981,15406.92969,15454.91992
02-01-2012,15534.66992,15542.84961,15358.01953,15517.91992
03-01-2012,15640.55957,15970.30957,15640.55957,15939.36035
04-01-2012,15967.49023,16004.69043,15822.32031,15882.63965
05-01-2012,15893.07031,15980.16992,15809.30957,15857.08008
06-01-2012,15789.08008,16001.30957,15664.91016,15867.73047
09-01-2012,15840.21973,15871.50977,15678.29981,15814.71973
10-01-2012,15898.32031,16180.96973,15898.32031,16165.08984
11-01-2012,16222.37012,16244.7002,16127.76953,16175.86035
12-01-2012,16117.19043,16178.58008,15962.58984,16037.50977
13-01-2012,16144.57031,16257.33984,16049.78027,16154.62012
16-01-2012,16086.74023,16214.36035,16037.59961,16189.36035
17-01-2012,16270.87012,16501.38086,16270.87012,16466.05078
18-01-2012,16502.41992,16517.96094,16384.48047,16451.4707
19-01-2012,16573.86914,16662.06055,16572.09961,16643.74023
20-01-2012,16745.00977,16788.48047,16611.71094,16739.00977
23-01-2012,16667.01953,16784,16659.32031,16751.73047
24-01-2012,16806.7207,17050.32031,16770.00977,16995.76953
25-01-2012,17068.84961,17130.24023,17016.68945,17077.17969
27-01-2012,17201.33008,17258.9707,17106.57031,17233.98047
30-01-2012,17138.03906,17138.03906,16828.33008,16863.30078
31-01-2012,16965.58008,17238.99023,16965.58008,17193.55078
01-02-2012,17179.64063,17327.21094,17061.55078,17300.58008
02-02-2012,17438.07031,17504.25,17308.2793,17431.84961
03-02-2012,17444.25,17630.5293,17382.69922,17604.96094
06-02-2012,17741.91016,17829.7207,17595.09961,17707.31055
07-02-2012,17813.74023,17832.03906,17582.49023,17622.44922
08-02-2012,17631.68945,17809.21094,17579.58984,17707.32031
09-02-2012,17647.80078,17879.46094,17609.42969,17830.75
10-02-2012,17817.58984,17890.10938,17627.14063,17748.68945
13-02-2012,17761.69922,17849.64063,17665.89063,17772.83984
14-02-2012,17767.46094,17890.33008,17742.58008,17848.57031
15-02-2012,18000.30078,18231.34961,18000.30078,18202.41016
16-02-2012,18163.05078,18182.7793,18043.32031,18153.99023
17-02-2012,18331.19922,18423.06055,18234.56055,18289.34961
21-02-2012,18303.73047,18470.85938,18293.80078,18428.60938
22-02-2012,18490.86914,18523.7793,18095.81055,18145.25
23-02-2012,18127.34961,18249.5293,18005.2793,18078.5
24-02-2012,18079.00977,18198.15039,17848.92969,17923.57031
27-02-2012,17975.18945,17975.18945,17381.64063,17445.75
28-02-2012,17545.10938,17776.82031,17530.43945,17731.11914
29-02-2012,17919.92969,18001.34961,17677.9707,17752.67969
01-03-2012,17714.61914,17717.5293,17463.26953,17583.9707
02-03-2012,17661.39063,17731.88086,17504.38086,17636.80078
05-03-2012,17598.41992,17598.41992,17312.30078,17362.86914
06-03-2012,17336.64063,17691.96094,17128.2793,17173.28906
07-03-2012,17127.17969,17239.34961,17008.76953,17145.51953
09-03-2012,17325.82031,17531.61914,17325.82031,17503.24023
12-03-2012,17772.09961,17772.09961,17494.65039,17587.66992
13-03-2012,17680.23047,17842.91992,17680.23047,17813.61914
14-03-2012,18003.15039,18040.68945,17837.2207,17919.30078
15-03-2012,17916.84961,17918.25,17622.13086,17675.84961
16-03-2012,17656.81055,17871,17426.58008,17466.19922
19-03-2012,17531.4707,17561.46094,17226.42969,17273.36914
20-03-2012,17308.89063,17410.13086,17211.73047,17316.17969
21-03-2012,17301.16016,17622.86914,17275.88086,17601.71094
22-03-2012,17586.06055,17687.00977,17136.5,17196.4707
23-03-2012,17257.7207,17458.34961,17179.33008,17361.74023
26-03-2012,17377.58984,17377.58984,17021.84961,17052.7793
27-03-2012,17209.13086,17366.83984,17061.16016,17257.35938
28-03-2012,17234.48047,17245.82031,17040.11914,17121.61914
29-03-2012,17039.84961,17109.34961,16920.60938,17058.60938
30-03-2012,17117.41016,17439.50977,17105.2207,17404.19922
02-04-2012,17429.96094,17529.98047,17382.38086,17478.15039
03-04-2012,17576.21094,17664.09961,17478.15039,17597.41992
04-04-2012,17553.25977,17597.41992,17436.59961,17486.01953
09-04-2012,17407.66016,17486.01953,17199.63086,17222.14063
10-04-2012,17259.25977,17274.68945,17135.75977,17243.83984
11-04-2012,17125.96094,17319.15039,17075.89063,17199.40039
12-04-2012,17276.86914,17395.15039,17199.40039,17332.61914
13-04-2012,17232.56055,17398.2207,17027.30078,17094.50977
16-04-2012,17047.86914,17173.06055,17010.16016,17150.94922
17-04-2012,17200.9707,17381.91992,17103.35938,17357.93945
18-04-2012,17447.25977,17522.80078,17357.93945,17392.39063
19-04-2012,17432.89063,17530.30078,17361.71094,17503.71094
20-04-2012,17459.7207,17519.88086,17231.33984,17373.83984
23-04-2012,17347.75977,17444.17969,17056.76953,17096.67969
24-04-2012,17154.75,17247.5293,17046.7207,17207.28906
25-04-2012,17225.53906,17249.60938,17019.24023,17151.28906
26-04-2012,17191.01953,17193.25,17084.05078,17130.66992
27-04-2012,17145.39063,17242.15039,17022.08984,17134.25
30-04-2012,17195.50977,17359.17969,17187.33984,17318.81055
02-05-2012,17370.92969,17432.33008,17265.48047,17301.91016
03-05-2012,17271.76953,17301.91016,17120.85938,17151.18945
04-05-2012,17066.83984,17151.18945,16776.7207,16831.08008
07-05-2012,16620.43945,16944.13086,16513.76953,16912.71094
08-05-2012,16915.71094,16918.31055,16502.91016,16546.17969
09-05-2012,16436.41016,16615.74023,16422.92969,16479.58008
10-05-2012,16515.61914,16671.81055,16377.01953,16420.05078
11-05-2012,16355.58984,16447.24023,16233.75977,16292.98047
14-05-2012,16318.36035,16390.33008,16124.82031,16215.83984
15-05-2012,16146.90039,16370.12012,16123.04004,16328.25
16-05-2012,16132.67969,16328.25,15974.59961,16030.08984
17-05-2012,16119.08008,16240.17969,16007.91992,16070.48047
18-05-2012,15868.07031,16206.34961,15809.70996,16152.75
21-05-2012,16187.66016,16298.38965,16149.61035,16183.25977
22-05-2012,16344.33984,16366.71973,16000.83984,16026.41016
23-05-2012,15995.13965,16026.41016,15847.03027,15948.09961
24-05-2012,16033.90039,16252.37012,15934.76953,16222.29981
25-05-2012,16213.24023,16273.48047,16118.34961,16217.82031
28-05-2012,16289.82031,16439.9707,16217.82031,16416.83984
29-05-2012,16500.03906,16544.38086,16410.21094,16438.58008
30-05-2012,16391.90039,16438.58008,16295.30957,16312.15039
31-05-2012,16224.86035,16312.15039,16086.05957,16218.53027
01-06-2012,16217.48047,16226.19043,15933.48047,15965.16016
04-06-2012,15808.87988,16012.83984,15748.98047,15988.40039
05-06-2012,16065.37012,16138.29004,15979.76953,16020.63965
06-06-2012,16100.36035,16494.5,16100.36035,16454.30078
07-06-2012,16578.00977,16680.58984,16519.89063,16649.05078
08-06-2012,16611.51953,16767.76953,16485.01953,16718.86914
11-06-2012,16804.89063,16893.81055,16627.48047,16668.00977
12-06-2012,16570.50977,16897.41992,16553.4707,16862.80078
13-06-2012,16865.7207,16944.10938,16792.86914,16880.50977
14-06-2012,16857.23047,16921.49023,16658.98047,16677.88086
15-06-2012,16701.2793,16967.75977,16701.2793,16949.83008
18-06-2012,17039.53906,17109.94922,16636.08984,16705.83008
19-06-2012,16681.89063,16890,16681.89063,16859.80078
20-06-2012,16903.96094,16962.49023,16840.09961,16896.63086
21-06-2012,16855.59961,17050.43945,16799.63086,17032.56055
22-06-2012,16882.74023,17016.06055,16807.80078,16972.50977
25-06-2012,17038.76953,17131.15039,16853.05078,16882.16016
26-06-2012,16873.08984,16946.66016,16815.86914,16906.58008
27-06-2012,16975.75977,17029.26953,16930.80078,16967.75977
28-06-2012,16985.58008,17033.84961,16918.86914,16990.75977
29-06-2012,17134.60938,17448.48047,17134.60938,17429.98047
02-07-2012,17438.67969,17486.57031,17363.03906,17398.98047
03-07-2012,17457.94922,17526.82031,17351.5,17425.71094
04-07-2012,17473.25977,17523.76953,17372.44922,17462.81055
05-07-2012,17478.16016,17562.89063,17423.44922,17538.66992
06-07-2012,17546.03906,17554.55078,17425.4707,17521.11914
09-07-2012,17449.92969,17485.78906,17343.55078,17391.98047
10-07-2012,17431.67969,17631.18945,17424.28906,17618.34961
11-07-2012,17553.9707,17582.99023,17466.99023,17489.14063
12-07-2012,17297.06055,17329.46094,17181.16992,17232.55078
13-07-2012,17269.19922,17342.88086,17182.28906,17213.69922
16-07-2012,17241.98047,17282.30078,17079.63086,17103.31055
17-07-2012,17176.92969,17236.08008,17074.63086,17105.30078
18-07-2012,17113.36914,17205.25977,17038.58984,17185.00977
19-07-2012,17288.33984,17318.92969,17244.75977,17278.84961
20-07-2012,17275.19922,17275.19922,17129.68945,17158.43945
23-07-2012,17047.73047,17047.73047,16849.2793,16877.34961
24-07-2012,16907.74023,16962.74023,16839.69922,16918.08008
25-07-2012,16899.00977,16899.00977,16736.59961,16846.05078
26-07-2012,16887.83984,16899.76953,16598.48047,16639.82031
27-07-2012,16860.16016,16975.0293,16760.7207,16839.18945
30-07-2012,16919.14063,17163.94922,16919.14063,17143.67969
31-07-2012,17186.60938,17253.66992,17004.08984,17236.17969
01-08-2012,17244.43945,17291.99023,17189.16016,17257.38086
02-08-2012,17245.67969,17246.00977,17157.2793,17224.35938
03-08-2012,17164.48047,17208.35938,17026.9707,17197.92969
06-08-2012,17313.05078,17451.5293,17313.05078,17412.96094
07-08-2012,17456.36914,17641.55078,17417.91992,17601.7793
08-08-2012,17638.5293,17726.64063,17582.66016,17600.56055
09-08-2012,17612.08008,17702.98047,17516.99023,17560.86914
10-08-2012,17515.41992,17590.60938,17471.36914,17557.74023
13-08-2012,17551.68945,17642.38086,17522.09961,17633.44922
14-08-2012,17631.64063,17753.42969,17572.33984,17728.19922
16-08-2012,17752.2207,17763.58984,17640.61914,17657.21094
17-08-2012,17701.19922,17801.39063,17622.61914,17691.08008
21-08-2012,17705.14063,17898.34961,17705.14063,17885.25977
22-08-2012,17827.25,17912.08008,17800.28906,17846.85938
23-08-2012,17856.28906,17972.53906,17792.86914,17850.2207
24-08-2012,17790.25,17822.5,17725.41992,17783.21094
27-08-2012,17769.43945,17820.07031,17662.21094,17678.81055
28-08-2012,17676.13086,17712.34961,17570.71094,17631.71094
29-08-2012,17651.14063,17653.90039,17471.13086,17490.81055
30-08-2012,17433.5,17605.50977,17367.55078,17541.64063
31-08-2012,17557.61914,17557.61914,17337.60938,17380.75
03-09-2012,17465.59961,17509.99023,17349.57031,17384.40039
04-09-2012,17378.67969,17452.69922,17308.26953,17440.86914
05-09-2012,17359.96094,17411.66992,17250.80078,17313.33984
06-09-2012,17320.73047,17418.40039,17294.74023,17346.26953
07-09-2012,17575.78906,17701.19922,17575.78906,17683.73047
10-09-2012,17780.92969,17810.90039,17728.11914,17766.7793
11-09-2012,17711.80078,17867.84961,17677.38086,17852.94922
12-09-2012,17916.13086,18012.89063,17884.96094,18000.0293
13-09-2012,18023.94922,18062.67969,17976.2793,18021.16016
14-09-2012,18284.75,18498.53906,18284.75,18464.26953
17-09-2012,18619.90039,18715.0293,18480.53906,18542.31055
18-09-2012,18514.7207,18580.48047,18469.50977,18496.00977
20-09-2012,18292.2207,18443.91992,18291.92969,18349.25
21-09-2012,18411.19922,18866.86914,18411.19922,18752.83008
24-09-2012,18756.31055,18811.13086,18650.42969,18673.33984
25-09-2012,18708.00977,18790.00977,18636.16016,18694.41016
26-09-2012,18644.53906,18670.48047,18573.17969,18632.16992
27-09-2012,18659.75,18735.94922,18552.67969,18579.5
28-09-2012,18704.98047,18869.93945,18698.50977,18762.74023
01-10-2012,18784.64063,18838.53906,18745.2793,18823.91016
03-10-2012,18841.49023,18905.61914,18816.57031,18869.68945
04-10-2012,18939.75,19107.03906,18939.75,19058.15039
05-10-2012,19115.89063,19137.28906,18757.33984,18938.46094
08-10-2012,18969.18945,18969.18945,18684.40039,18708.98047
09-10-2012,18796.25,18885.83984,18722.05078,18793.35938
10-10-2012,18699.18945,18740.63086,18614.36914,18631.09961
11-10-2012,18627.36914,18847.81055,18581.49023,18804.75
12-10-2012,18727.09961,18844.34961,18638.33984,18675.17969
15-10-2012,18690.99023,18726.38086,18596.65039,18713.55078
16-10-2012,18784.75,18801.09961,18549.2793,18577.69922
17-10-2012,18667.7207,18705.18945,18535.36914,18610.76953
18-10-2012,18653.59961,18806.56055,18576.41016,18791.92969
19-10-2012,18768,18769.58984,18611.75977,18682.31055
22-10-2012,18655.92969,18809.2793,18600.88086,18793.43945
23-10-2012,18803.61914,18812.92969,18689.38086,18710.01953
25-10-2012,18712.41016,18789.91992,18699.07031,18758.63086
26-10-2012,18715.34961,18729.5293,18558.05078,18625.33984
29-10-2012,18656,18743.41016,18572.01953,18635.82031
30-10-2012,18642.00977,18718.2793,18393.41992,18430.84961
31-10-2012,18436.78906,18521.61914,18398.48047,18505.38086
01-11-2012,18487.90039,18589.13086,18445.17969,18561.69922
02-11-2012,18692.15039,18793.75,18687.92969,18755.44922
05-11-2012,18749.36914,18794.63086,18683.25,18762.86914
06-11-2012,18739.9707,18829.07031,18726.93945,18817.38086
07-11-2012,18802.82031,18973.42969,18786.14063,18902.41016
08-11-2012,18779.74023,18865.21094,18736.44922,18846.25977
09-11-2012,18832.75,18894.41992,18656.41016,18683.67969
12-11-2012,18691.01953,18750.91992,18607.66016,18670.33984
13-11-2012,18728.94922,18732.71094,18592.21094,18618.86914
15-11-2012,18590.07031,18593.53906,18408.68945,18471.36914
16-11-2012,18491.49023,18563.32031,18266.75977,18309.36914
19-11-2012,18349.5293,18386.7793,18256.07031,18339
20-11-2012,18422.68945,18467.91016,18255.68945,18329.32031
21-11-2012,18379.90039,18478.5,18309.81055,18460.38086
22-11-2012,18510.93945,18567.67969,18456.19922,18517.33984
23-11-2012,18543.94922,18556.5,18402.38086,18506.57031
26-11-2012,18574.35938,18590.33008,18508.78906,18537.00977
27-11-2012,18616.55078,18862.69922,18616.55078,18842.08008
29-11-2012,18873.63086,19205.33008,18873.63086,19170.91016
30-11-2012,19229.69922,19372.69922,19186.30078,19339.90039
03-12-2012,19342.83008,19416.44922,19257.30078,19305.32031
04-12-2012,19277.58008,19373.93945,19263.71094,19348.11914
05-12-2012,19397.98047,19463.25,19371.00977,19391.85938
06-12-2012,19475.08984,19523.25,19186.24023,19486.80078
07-12-2012,19514.88086,19561.86914,19363.13086,19424.09961
10-12-2012,19442.18945,19478.00977,19362.32031,19409.68945
11-12-2012,19466.28906,19612.17969,19285.28906,19387.14063
12-12-2012,19432.53906,19478.78906,19317.23047,19355.25977
13-12-2012,19403.66016,19421.7207,19196.75,19229.25977
14-12-2012,19217.96094,19348.84961,19193.10938,19317.25
17-12-2012,19290.91992,19346.7793,19221.86914,19244.41992
18-12-2012,19293.00977,19396.2793,19149.0293,19364.75
19-12-2012,19429.91016,19516.01953,19419.75977,19476
20-12-2012,19511.41016,19520.50977,19335.7207,19453.91992
21-12-2012,19394.55078,19394.55078,19221.11914,19242
24-12-2012,19278,19347.64063,19237.25977,19255.08984
26-12-2012,19302.4707,19468.40039,19274.07031,19417.46094
27-12-2012,19479.83984,19504.40039,19302.21094,19323.80078
28-12-2012,19364.08008,19465.74023,19346.07031,19444.83984
31-12-2012,19422.58984,19491.58008,19406.16992,19426.71094
02-01-2013,19693.30078,19756.67969,19686.5,19714.24023
03-01-2013,19771.0293,19786.30078,19693.28906,19764.7793
04-01-2013,19782.58984,19797.43945,19679.99023,19784.08008
07-01-2013,19820.56055,19856.42969,19654.46094,19691.41992
08-01-2013,19681.38086,19761.7793,19632.58984,19742.51953
09-01-2013,19770.21094,19824.06055,19627.16016,19666.58984
10-01-2013,19728.01953,19783.75,19596.38086,19663.55078
11-01-2013,19813.64063,19839.80078,19619.83008,19663.64063
14-01-2013,19689.08984,19948.63086,19689.08984,19906.41016
15-01-2013,19999.82031,20036.82031,19881.7793,19986.82031
16-01-2013,19978.18945,20009.35938,19783.01953,19817.63086
17-01-2013,19846.41992,20005.98047,19783.41016,19964.0293
18-01-2013,20038.66992,20126.55078,19990.61914,20039.03906
21-01-2013,20132.83008,20163.38086,20056.46094,20101.82031
22-01-2013,20102.42969,20156.85938,19952.91016,19981.57031
23-01-2013,19997.03906,20058.07031,19920.91016,20026.60938
24-01-2013,20017.19922,20072.2793,19884.19922,19923.7793
25-01-2013,19945.68945,20129.00977,19928.10938,20103.5293
28-01-2013,20129,20172.44922,20062.78906,20103.34961
29-01-2013,20080.31055,20203.66016,19970.05078,19990.90039
30-01-2013,20014.80078,20073.46094,19964.64063,20005
31-01-2013,19987.2793,20008.83008,19865.7207,19894.98047
01-02-2013,19907.21094,19966.68945,19736.44922,19781.18945
04-02-2013,19860.9707,19902.59961,19728.21094,19751.18945
05-02-2013,19665.53906,19717.25977,19631.9707,19659.82031
06-02-2013,19737.76953,19767.25,19611.26953,19639.7207
07-02-2013,19589.43945,19702.56055,19540.08008,19580.32031
08-02-2013,19577.18945,19648.07031,19414.80078,19484.76953
11-02-2013,19517.58984,19543.43945,19416.93945,19460.57031
12-02-2013,19489.86914,19583.5293,19438.5293,19561.03906
13-02-2013,19601.68945,19723.00977,19574.15039,19608.08008
14-02-2013,19626.81055,19639.83008,19444.33008,19497.17969
15-02-2013,19449.83008,19512.89063,19381.82031,19468.15039
18-02-2013,19496.25,19554.48047,19462.91992,19501.08008
19-02-2013,19523.69922,19671.16992,19457.21094,19635.7207
20-02-2013,19717.93945,19742.41992,19619.89063,19642.75
21-02-2013,19549.05078,19554.65039,19289.69922,19325.35938
22-02-2013,19341.90039,19401.75,19289.83008,19317.00977
25-02-2013,19365.33008,19411.17969,19237.98047,19331.68945
26-02-2013,19290.66016,19293.49023,18976.93945,19015.14063
27-02-2013,19090.32031,19213.01953,18997.82031,19152.41016
28-02-2013,19264.80078,19322.2793,18793.9707,18861.53906
01-03-2013,18876.67969,18988.9707,18820.90039,18918.51953
04-03-2013,18920.90039,18930.85938,18760.41016,18877.96094
05-03-2013,18943.61914,19164.03906,18943.61914,19143.16992
06-03-2013,19254.19922,19293.39063,19195.4707,19252.60938
07-03-2013,19222.05078,19465.51953,19212.91992,19413.53906
08-03-2013,19478.66992,19706.0293,19477.60938,19683.23047
11-03-2013,19679.88086,19754.66016,19602.71094,19646.21094
12-03-2013,19675.81055,19697.83984,19505.75,19564.91992
13-03-2013,19511.9707,19511.9707,19338.51953,19362.55078
14-03-2013,19367.25977,19604.69922,19179.33008,19570.43945
15-03-2013,19570.00977,19673.16016,19383.13086,19427.56055
18-03-2013,19282.63086,19345.41992,19232.23047,19293.19922
19-03-2013,19345.91016,19378.60938,18939.4707,19008.09961
20-03-2013,19026.46094,19028.08984,18836.76953,18884.18945
21-03-2013,18926.21094,19082.28906,18756.65039,18792.86914
22-03-2013,18784.92969,18859.82031,18669.19922,18735.59961
25-03-2013,18894.13086,18950.2207,18654.60938,18681.41992
26-03-2013,18645.08984,18758.88086,18612.36914,18704.5293
28-03-2013,18702.46094,18882.53906,18568.42969,18835.76953
01-04-2013,18890.81055,18959.48047,18796.59961,18864.75
02-04-2013,18863.82031,19060.50977,18826.5293,19040.94922
03-04-2013,19034,19035.19922,18721.7207,18801.64063
04-04-2013,18731.38086,18733.61914,18473.84961,18509.69922
05-04-2013,18493.66992,18525.44922,18389.28906,18450.23047
08-04-2013,18455.80078,18504.48047,18402.92969,18437.7793
09-04-2013,18481.4707,18565.56055,18206.60938,18226.48047
10-04-2013,18355.14063,18461.43945,18173.31055,18414.44922
11-04-2013,18577.51953,18599.14063,18397.93945,18542.19922
12-04-2013,18275.66016,18337.91016,18186.09961,18242.56055
15-04-2013,18196.08984,18424.40039,18144.2207,18357.80078
16-04-2013,18356.32031,18771.33008,18325.73047,18744.92969
17-04-2013,18773.44922,18869.88086,18673.43945,18731.16016
18-04-2013,18695.33984,19058.80078,18691.60938,19016.46094
22-04-2013,18989.7793,19204.90039,18989.7793,19169.83008
23-04-2013,19210.25977,19210.25977,19042.08008,19179.35938
25-04-2013,19192.10938,19434.84961,19192.10938,19406.84961
26-04-2013,19376,19384.94922,19249.75,19286.7207
29-04-2013,19306.66992,19428.93945,19284.40039,19387.5
30-04-2013,19492.83008,19622.67969,19317.38086,19504.17969
02-05-2013,19459.33008,19792,19451.25977,19735.76953
03-05-2013,19707.94922,19744.84961,19542.63086,19575.64063
06-05-2013,19571.66016,19694.28906,19554.31055,19673.64063
07-05-2013,19697.33008,19917.88086,19697.33008,19888.94922
08-05-2013,19950.2207,20037.26953,19851.2207,19990.17969
09-05-2013,20015.85938,20058.48047,19903.83008,19939.03906
10-05-2013,19911.08008,20119.14063,19908.80078,20082.61914
13-05-2013,20073.41016,20109.08008,19667.39063,19691.66992
14-05-2013,19715.80078,19831.78906,19652.68945,19722.28906
15-05-2013,19798.17969,20241.96094,19798.17969,20212.96094
16-05-2013,20167.92969,20326.48047,20162.11914,20247.33008
17-05-2013,20267.59961,20328.18945,20155.00977,20286.11914
20-05-2013,20277.75977,20443.61914,20186.66016,20223.98047
21-05-2013,20227.16992,20308.03906,20072.67969,20111.60938
22-05-2013,20150.68945,20220.34961,20000.85938,20062.24023
23-05-2013,19971.36914,20027.56055,19634.78906,19674.33008
24-05-2013,19765.32031,19833.14063,19568.49023,19704.33008
27-05-2013,19750.66992,20083.4707,19678.31055,20030.76953
28-05-2013,20056.2793,20209.82031,19963.23047,20160.82031
29-05-2013,20202.50977,20216.49023,20044.74023,20147.64063
30-05-2013,20066.93945,20254.0293,20066.14063,20215.40039
31-05-2013,20186.66992,20191.28906,19730.55078,19760.30078
03-06-2013,19859.2207,19860.18945,19541.9707,19610.48047
04-06-2013,19605.67969,19742.69922,19522.4707,19545.7793
05-06-2013,19532.41992,19604.42969,19441.34961,19568.2207
06-06-2013,19503.67969,19635.36914,19395.32031,19519.49023
07-06-2013,19522.31055,19711.55078,19397.50977,19429.23047
10-06-2013,19530.34961,19585.75,19366.82031,19441.07031
11-06-2013,19382.2207,19418.74023,19121.17969,19143
12-06-2013,19103.96094,19143.24023,18969.08008,19041.13086
13-06-2013,18897.49023,18914.13086,18765.5293,18827.16016
14-06-2013,18959.83008,19213.09961,18952.08984,19177.92969
17-06-2013,19249.90039,19344.2793,19084.67969,19325.86914
18-06-2013,19329.16992,19383.60938,19191.36914,19223.2793
19-06-2013,19224.08984,19274.25977,19100.13086,19245.69922
20-06-2013,19069.19922,19069.19922,18687.18945,18719.28906
21-06-2013,18695.80078,18820.81055,18615.14063,18774.24023
24-06-2013,18714.06055,18714.06055,18467.16016,18540.89063
25-06-2013,18602.25,18802.31055,18487.30078,18629.15039
26-06-2013,18662.36914,18690.5,18514.34961,18552.11914
27-06-2013,18716.10938,18925.75,18688.2793,18875.94922
28-06-2013,19093.17969,19432.93945,19093.17969,19395.81055
01-07-2013,19352.48047,19598.42969,19347.57031,19577.39063
02-07-2013,19573.92969,19589.14063,19442.75,19463.82031
03-07-2013,19347.10938,19347.10938,19147.31055,19177.75977
04-07-2013,19256.11914,19445.01953,19245.00977,19410.83984
05-07-2013,19568.78906,19640.26953,19477.74023,19495.82031
08-07-2013,19418.98047,19422.68945,19185.91992,19324.76953
09-07-2013,19399.36914,19486,19380.25,19439.48047
10-07-2013,19482.66016,19505.92969,19237.91016,19294.11914
11-07-2013,19468.46094,19723.50977,19468.46094,19676.06055
12-07-2013,19898.68945,19991.93945,19785.58984,19958.4707
15-07-2013,19926.09961,20072.43945,19883.18945,20034.48047
16-07-2013,19788.08984,19890.63086,19649.58008,19851.23047
17-07-2013,19928.94922,19983.2207,19778.53906,19948.73047
18-07-2013,19999.50977,20176.90039,19956.19922,20128.41016
19-07-2013,20213.44922,20256.59961,20111.13086,20149.84961
22-07-2013,20096.71094,20264.90039,20065.68945,20159.11914
23-07-2013,20249.98047,20351.06055,20249.98047,20302.13086
24-07-2013,20200.19922,20252.69922,19994.25,20090.67969
25-07-2013,20062,20110.81055,19763.90039,19804.75977
26-07-2013,19892.4707,19907.44922,19699.75977,19748.18945
29-07-2013,19714.41992,19751.0293,19570.86914,19593.2793
30-07-2013,19577.75,19672.7207,19328.53906,19348.33984
31-07-2013,19304.07031,19387.5,19126.82031,19345.69922
01-08-2013,19443.28906,19569.19922,19170.46094,19317.18945
02-08-2013,19399.55078,19451.69922,19078.7207,19164.01953
05-08-2013,19178.06055,19306.50977,19141.67969,19182.25977
06-08-2013,19127.09961,19131.91992,18667.30078,18733.03906
07-08-2013,18758.5293,18811.46094,18551.34961,18664.88086
08-08-2013,18687.30078,18829.25977,18621.66992,18789.33984
12-08-2013,18898.93945,19066.9707,18796.00977,18946.98047
13-08-2013,18895.25977,19248.10938,18864.81055,19229.83984
14-08-2013,19299.41992,19392.56055,19203.63086,19367.58984
16-08-2013,19297.10938,19310.94922,18559.65039,18598.17969
19-08-2013,18587.38086,18587.38086,18139.15039,18307.51953
20-08-2013,18142.83008,18306.46094,17970.98047,18246.03906
21-08-2013,18545.43945,18567.69922,17807.18945,17905.91016
22-08-2013,17896.83984,18349.82031,17759.58984,18312.93945
23-08-2013,18386.5293,18546.59961,18210.75,18519.43945
26-08-2013,18602.56055,18728.18945,18488.92969,18558.13086
27-08-2013,18460.7207,18460.7207,17921.82031,17968.08008
28-08-2013,17851.43945,18101.83984,17448.71094,17996.15039
29-08-2013,18073.66016,18455.66016,18071.2207,18401.03906
30-08-2013,18424.7207,18679.25977,18272.75977,18619.7207
02-09-2013,18691.83008,18942.06055,18678.92969,18886.13086
03-09-2013,19002.76953,19007.31055,18166.16992,18234.66016
04-09-2013,18314.67969,18612.59961,18188.42969,18567.55078
05-09-2013,18857.59961,19117.51953,18847.01953,18979.75977
06-09-2013,19072.01953,19293.96094,18929.38086,19270.06055
10-09-2013,19448.39063,20012.68945,19444.66016,19997.09961
11-09-2013,19999.76953,20055.5293,19777.63086,19997.44922
12-09-2013,20046.05078,20052.05078,19676.49023,19781.88086
13-09-2013,19744.53906,19899.36914,19675.67969,19732.75977
16-09-2013,19977.38086,20086.42969,19596.15039,19742.4707
17-09-2013,19721.90039,19819.09961,19635.43945,19804.0293
18-09-2013,19865.99023,20013.33008,19775.28906,19962.16016
19-09-2013,20354.73047,20739.68945,20347.30078,20646.64063
20-09-2013,20616.34961,20677.99023,20051.42969,20263.71094
23-09-2013,20060.82031,20199.81055,19826.30078,19900.96094
24-09-2013,19820.0293,20050.41992,19782.7793,19920.21094
25-09-2013,19947.42969,19978.49023,19658.74023,19856.24023
26-09-2013,19853.66016,19997.2793,19826.99023,19893.84961
27-09-2013,19951.73047,19981.57031,19674.38086,19727.26953
30-09-2013,19643.89063,19651.31055,19320.73047,19379.76953
01-10-2013,19452.05078,19532.91016,19264.7207,19517.15039
03-10-2013,19585.78906,19929.24023,19583.9707,19902.07031
04-10-2013,19870,20052,19833.16992,19915.94922
07-10-2013,19880.93945,19921.38086,19647.88086,19895.09961
08-10-2013,20094.21094,20150.26953,19936.7207,19983.60938
09-10-2013,19918.19922,20277.74023,19826.96094,20249.25977
10-10-2013,20228.75977,20323.76953,20135.91016,20272.91016
11-10-2013,20535.90039,20559.68945,20368.06055,20528.58984
14-10-2013,20534.60938,20645.93945,20497.88086,20607.53906
15-10-2013,20722.90039,20759.58008,20446.73047,20547.61914
17-10-2013,20579.56055,20629.80078,20375.41992,20415.50977
18-10-2013,20486.7793,20932.23047,20486.7793,20882.89063
21-10-2013,20915.75977,20970.91992,20768.99023,20893.89063
22-10-2013,20863.15039,20948.91016,20810.25,20864.9707
23-10-2013,20875.31055,20922.32031,20589.7207,20767.88086
24-10-2013,20766.05078,21039.41992,20656.69922,20725.42969
25-10-2013,20725.51953,20782.16016,20622.55078,20683.51953
28-10-2013,20696.50977,20771.35938,20550.64063,20570.2793
29-10-2013,20593.49023,20952.55078,20493.66016,20929.00977
30-10-2013,20944.14063,21086.58984,20937.11914,21033.9707
31-10-2013,21000.59961,21205.43945,20991.98047,21164.51953
01-11-2013,21158.81055,21293.88086,21141.32031,21196.81055
05-11-2013,21134.09961,21158.56055,20951.71094,20974.78906
06-11-2013,21004.53906,21045.38086,20861.41992,20894.93945
07-11-2013,20896.13086,21142.84961,20797.06055,20822.76953
08-11-2013,20785.19922,20821.00977,20600.90039,20666.15039
11-11-2013,20596.40039,20672.5293,20453.15039,20490.96094
12-11-2013,20510.31055,20584.2207,20262.2207,20281.91016
13-11-2013,20248.51953,20365.58984,20161.64063,20194.40039
14-11-2013,20351.39063,20568.99023,20348.26953,20399.41992
18-11-2013,20570.58984,20868.75977,20570.58984,20850.74023
19-11-2013,20870.16016,20934.40039,20828.68945,20890.82031
20-11-2013,20857.00977,20895.30078,20579.93945,20635.13086
21-11-2013,20579.25977,20579.25977,20189.23047,20229.05078
22-11-2013,20316.58008,20388.11914,20137.66992,20217.39063
25-11-2013,20326.66016,20626.15039,20326.66016,20605.08008
26-11-2013,20604.26953,20604.26953,20390.61914,20425.01953
27-11-2013,20449,20482.66992,20348.06055,20420.25977
28-11-2013,20522.35938,20606.38086,20461.50977,20534.91016
29-11-2013,20558.92969,20819.76953,20558.92969,20791.92969
02-12-2013,20771.26953,20941,20770.50977,20898.00977
03-12-2013,20857.84961,20927.05078,20817.75,20854.91992
04-12-2013,20839.44922,20863.36914,20673.61914,20708.71094
05-12-2013,20992.25,21165.59961,20929.19922,20957.81055
06-12-2013,20955.74023,21049.83984,20922.44922,20996.5293
09-12-2013,21416.66992,21483.74023,21282.64063,21326.41992
10-12-2013,21293.58008,21327.75,21175.08008,21255.25977
11-12-2013,21191.26953,21215.93945,21069.44922,21171.41016
12-12-2013,21101.05078,21103.80078,20901.4707,20925.60938
13-12-2013,20867.16992,20867.16992,20692.66992,20715.58008
16-12-2013,20714.25977,20764.51953,20637.76953,20659.51953
17-12-2013,20732.43945,20784.0293,20594.99023,20612.14063
18-12-2013,20568.69922,20917.57031,20568.69922,20859.85938
19-12-2013,20959.80078,21017.44922,20646.0293,20708.61914
20-12-2013,20792.36914,21117.99023,20745.93945,21079.7207
23-12-2013,21080.53906,21207.89063,21059.11914,21101.0293
24-12-2013,21127.66016,21156.91992,21010.65039,21032.71094
26-12-2013,21051,21135.84961,21013.14063,21074.58984
27-12-2013,21114.49023,21235.14063,21113.25,21193.58008
30-12-2013,21260.15039,21304.69922,21089.21094,21143.00977
31-12-2013,21177.76953,21230.88086,21122.67969,21170.67969
01-01-2014,21222.18945,21244.34961,21133.82031,21140.48047
02-01-2014,21179.91016,21331.32031,20846.66992,20888.33008
03-01-2014,20819.58008,20885.17969,20731.33008,20851.33008
06-01-2014,20913.78906,20913.78906,20721.98047,20787.30078
07-01-2014,20845.76953,20890.48047,20637.17969,20693.24023
08-01-2014,20767.41992,20786.41016,20688.17969,20729.38086
09-01-2014,20755.73047,20778.13086,20652.68945,20713.36914
10-01-2014,20760.7207,20971.23047,20625.16992,20758.49023
13-01-2014,20850.53906,21169.08008,20850.53906,21134.21094
14-01-2014,21115,21154.75977,21009.05078,21032.88086
15-01-2014,21091.46094,21302.73047,21091.46094,21289.49023
16-01-2014,21366.91016,21379.28906,21199.65039,21265.17969
17-01-2014,21236.65039,21270.10938,21015.60938,21063.61914
20-01-2014,21083.5293,21221.36914,21001.13086,21205.05078
21-01-2014,21237.96094,21302.51953,21189.19922,21251.11914
22-01-2014,21251.65039,21377.91016,21168.42969,21337.66992
23-01-2014,21319.68945,21409.66016,21264.71094,21373.66016
24-01-2014,21289.15039,21333.66016,21123.99023,21133.56055
27-01-2014,20899.0293,20899.0293,20688.0293,20707.44922
28-01-2014,20721.16992,20795.34961,20554.2793,20683.50977
29-01-2014,20784.03906,20828.67969,20613.61914,20647.30078
30-01-2014,20491.74023,20528.41016,20343.7793,20498.25
31-01-2014,20544.64063,20572.32031,20448.42969,20513.84961
03-02-2014,20479.0293,20480.34961,20182.19922,20209.25977
04-02-2014,20050.99023,20255.51953,19963.11914,20211.92969
05-02-2014,20241.11914,20289.33008,20076.09961,20261.0293
06-02-2014,20286.08984,20358.18945,20079.82031,20310.74023
07-02-2014,20441.03906,20450.50977,20282.30078,20376.56055
10-02-2014,20429.16016,20434.5,20312.21094,20334.26953
11-02-2014,20400.93945,20443.34961,20349.50977,20363.36914
12-02-2014,20449.83008,20516.59961,20427.23047,20448.49023
13-02-2014,20478.66992,20503.85938,20164.66992,20193.34961
14-02-2014,20265.13086,20391.94922,20149.00977,20366.82031
17-02-2014,20438.86914,20492.42969,20338.94922,20464.06055
18-02-2014,20457.56055,20685.01953,20436.48047,20634.21094
19-02-2014,20643.84961,20750.51953,20629.56055,20722.9707
20-02-2014,20661.07031,20662.66016,20522.03906,20536.64063
21-02-2014,20600.58008,20725.03906,20599.91016,20700.75
24-02-2014,20695.48047,20828.63086,20637.30078,20811.43945
25-02-2014,20877.7207,20912.53906,20777.73047,20852.4707
26-02-2014,20869.60938,21005.03906,20860.01953,20986.99023
28-02-2014,20995.39063,21140.50977,20989.66016,21120.11914
03-03-2014,21079.26953,21140,20920.98047,20946.65039
04-03-2014,20947,21224.64063,20940.39063,21209.73047
05-03-2014,21280.35938,21333.19922,21176.16016,21276.85938
06-03-2014,21336.32031,21525.14063,21329.88086,21513.86914
07-03-2014,21539.43945,21960.89063,21539.43945,21919.78906
10-03-2014,21819.18945,22023.98047,21805.2207,21934.83008
11-03-2014,21918.83008,22018.51953,21772.10938,21826.41992
12-03-2014,21793.32031,21965.94922,21768.14063,21856.2207
13-03-2014,21736.60938,21991.35938,21720.13086,21774.60938
14-03-2014,21648.05078,21853.32031,21573.48047,21809.80078
18-03-2014,21849.65039,22040.7207,21785.38086,21832.60938
19-03-2014,21872.67969,21895.83008,21782.00977,21832.85938
20-03-2014,21797.60938,21853.25,21704.66016,21740.08984
21-03-2014,21823.51953,21870.10938,21729.90039,21753.75
24-03-2014,21827.5,22074.33984,21827.5,22055.48047
25-03-2014,21948.31055,22079.96094,21916.86914,22055.21094
26-03-2014,22134.71094,22172.19922,22020.58008,22095.30078
27-03-2014,22116.23047,22307.74023,22094.28906,22214.36914
28-03-2014,22273.43945,22363.9707,22185.10938,22339.9707
31-03-2014,22423.14063,22467.21094,22253.7793,22386.26953
01-04-2014,22455.23047,22485.76953,22295.65039,22446.43945
02-04-2014,22550.58008,22592.09961,22473.46094,22551.49023
03-04-2014,22598.18945,22620.65039,22369.2793,22509.07031
04-04-2014,22522.46094,22525.21094,22339.40039,22359.5
07-04-2014,22355.56055,22481.61914,22197.50977,22343.44922
09-04-2014,22389.21094,22740.03906,22379.94922,22702.33984
10-04-2014,22729.46094,22792.49023,22644.42969,22715.33008
11-04-2014,22642.05078,22679.17969,22526.89063,22628.96094
15-04-2014,22698.08984,22737.31055,22416.24023,22484.92969
16-04-2014,22486.73047,22533.60938,22247.39063,22277.23047
17-04-2014,22327.75977,22648.68945,22312.18945,22628.83984
21-04-2014,22644.75,22795.58008,22636.75,22764.83008
22-04-2014,22771.24023,22853.0293,22727.63086,22758.36914
23-04-2014,22783.65039,22912.51953,22780.13086,22876.53906
25-04-2014,22892.5,22939.31055,22656.64063,22688.07031
28-04-2014,22717.58984,22721.35938,22597.18945,22631.60938
29-04-2014,22654.2793,22681.89063,22443.56055,22466.18945
30-04-2014,22517.63086,22680.46094,22284.96094,22417.80078
02-05-2014,22493.58984,22575.61914,22386.94922,22403.89063
05-05-2014,22412.80078,22592.0293,22354.44922,22445.11914
06-05-2014,22512.23047,22602.71094,22475.65039,22508.41992
07-05-2014,22488.96094,22532.82031,22286.25977,22323.90039
08-05-2014,22382.14063,22443.13086,22277.03906,22344.03906
09-05-2014,22374.98047,23048.49023,22317.17969,22994.23047
12-05-2014,23031.10938,23572.88086,23008.65039,23551
13-05-2014,23729.7793,24068.93945,23729.25,23871.23047
14-05-2014,23897.88086,23964.66992,23753.35938,23815.11914
15-05-2014,23809.41992,23971.7793,23742.75,23905.59961
16-05-2014,24271.53906,25375.63086,23873.16016,24121.74023
19-05-2014,24340.32031,24448.4707,24107.99023,24363.05078
20-05-2014,24555.31055,24587.16016,24299.5293,24376.88086
21-05-2014,24404.48047,24419.53906,24156.4707,24298.01953
22-05-2014,24415.41992,24524.75977,24326.48047,24374.40039
23-05-2014,24535.14063,24745.85938,24470.7793,24693.34961
26-05-2014,24913.89063,25175.2207,24433.90039,24716.88086
27-05-2014,24748.09961,24777.31055,24422.33008,24549.50977
28-05-2014,24591.60938,24643.33008,24488.81055,24556.08984
29-05-2014,24523.13086,24528.19922,24206.5,24234.15039
30-05-2014,24300.99023,24353.58984,24163.61914,24217.33984
02-06-2014,24368.96094,24709.08984,24270.19922,24684.84961
03-06-2014,24729.2207,24892.06055,24626.9707,24858.58984
04-06-2014,24909.0293,24925.90039,24773.92969,24805.83008
05-06-2014,24828.38086,25044.06055,24644.88086,25019.50977
06-06-2014,25204.94922,25419.14063,25129.75977,25396.46094
09-06-2014,25543.59961,25644.76953,25496.83984,25580.21094
10-06-2014,25706.34961,25711.10938,25347.33008,25583.68945
11-06-2014,25650.61914,25735.86914,25365.65039,25473.89063
12-06-2014,25597.21094,25611.32031,25409.68945,25576.21094
13-06-2014,25677.05078,25688.31055,25171.60938,25228.16992
16-06-2014,25239.5,25268.41016,25063.92969,25190.48047
17-06-2014,25189.46094,25545.88086,25104.5,25521.18945
18-06-2014,25565.18945,25609.2793,25114.30078,25246.25
19-06-2014,25327.08984,25425.84961,25069.66016,25201.80078
20-06-2014,25237.53906,25276.31055,25056.17969,25105.50977
23-06-2014,25108.08984,25197.5,24878.66016,25031.32031
24-06-2014,25115.83008,25414.68945,25115.83008,25368.90039
25-06-2014,25421.49023,25427.80078,25274.39063,25313.74023
26-06-2014,25217.68945,25309.33008,25021.23047,25062.66992
27-06-2014,25132.08008,25209.60938,25032.93945,25099.91992
30-06-2014,25179.55078,25460.96094,25179.55078,25413.7793
01-07-2014,25469.93945,25571.90039,25466.76953,25516.34961
02-07-2014,25660.57031,25864.5293,25660.16016,25841.21094
03-07-2014,25875.75,25999.08008,25793.69922,25823.75
04-07-2014,25844.80078,25981.50977,25659.33008,25962.06055
07-07-2014,26039.66992,26123.55078,25992.73047,26100.08008
08-07-2014,26166.91992,26190.43945,25495.03906,25582.10938
09-07-2014,25615.2793,25683.9707,25364.76953,25444.81055
10-07-2014,25513.74023,25920.46094,25239.89063,25372.75
11-07-2014,25488.85938,25548.33008,24978.33008,25024.34961
14-07-2014,25093.16016,25095.75977,24892,25006.98047
15-07-2014,25100.90039,25254.48047,25020.32031,25228.65039
16-07-2014,25322.16992,25602.7793,25246.75,25549.7207
17-07-2014,25540.91992,25613.0293,25494.46094,25561.16016
18-07-2014,25558.48047,25713.40039,25441.24023,25641.56055
21-07-2014,25776.53906,25861.15039,25677.71094,25715.16992
22-07-2014,25784.48047,26050.38086,25780.39063,26025.80078
23-07-2014,26130.25977,26188.64063,26000.40039,26147.33008
24-07-2014,26188.5,26292.66016,26077.69922,26271.84961
25-07-2014,26257.14063,26300.16992,26007.31055,26126.75
28-07-2014,26173.4707,26181.83008,25900.25,25991.23047
30-07-2014,26005.14063,26113.48047,25850.03906,26087.41992
31-07-2014,26105.89063,26118.88086,25853.68945,25894.9707
01-08-2014,25753.91992,25862.67969,25459.13086,25480.83984
04-08-2014,25631.67969,25754.41992,25531.38086,25723.16016
05-08-2014,25817.83984,25928.32031,25562.35938,25908.00977
06-08-2014,25892.55078,25901.67969,25621.84961,25665.26953
07-08-2014,25668.71094,25778.05078,25526.05078,25589.00977
08-08-2014,25406.86914,25406.86914,25232.82031,25329.14063
11-08-2014,25476.86914,25553.43945,25437.05078,25519.24023
12-08-2014,25703.7793,25904.98047,25645.78906,25880.76953
13-08-2014,25861.4707,25972.61914,25791.78906,25918.94922
14-08-2014,25948.30078,26135,25945.34961,26103.23047
18-08-2014,26123.68945,26413.10938,26075.2793,26390.96094
19-08-2014,26482.56055,26530.66992,26387.83984,26420.66992
20-08-2014,26496.28906,26504.51953,26277.60938,26314.28906
21-08-2014,26322.66016,26464.80078,26262.51953,26360.10938
22-08-2014,26419.5293,26508.26953,26383.16016,26419.55078
25-08-2014,26490.31055,26630.74023,26401.64063,26437.01953
26-08-2014,26349.86914,26481.9707,26314.89063,26442.81055
27-08-2014,26553.24023,26599.11914,26492.5,26560.15039
28-08-2014,26620.17969,26674.38086,26573.68945,26638.10938
01-09-2014,26733.17969,26900.30078,26732.39063,26867.55078
02-09-2014,26888.21094,27082.84961,26886.2207,27019.39063
03-09-2014,27128.06055,27225.84961,27067.01953,27139.93945
04-09-2014,27164.94922,27169.11914,26972.39063,27085.92969
05-09-2014,27127.25977,27178.80078,26920.56055,27026.69922
08-09-2014,27145.11914,27354.99023,27144.56055,27319.84961
09-09-2014,27316.42969,27328.26953,27177.08984,27265.32031
10-09-2014,27230.93945,27251.43945,27018.10938,27057.41016
11-09-2014,27143.2207,27150.7793,26904.5,26995.86914
12-09-2014,27048.15039,27096.86914,26965.91016,27061.03906
15-09-2014,26998.07031,26998.07031,26790.91016,26816.56055
16-09-2014,26854.90039,26861.28906,26464.0293,26492.50977
17-09-2014,26627.21094,26682.64063,26511.71094,26631.28906
18-09-2014,26573.89063,27132.19922,26503.08008,27112.21094
19-09-2014,27139.39063,27247.16992,27047.67969,27090.41992
22-09-2014,27008.11914,27254.80078,26918.92969,27206.74023
23-09-2014,27244.98047,27256.86914,26744.07031,26775.68945
24-09-2014,26817.93945,26844.69922,26560,26744.68945
25-09-2014,26808.66016,26814.19922,26349.55078,26468.35938
26-09-2014,26429.30078,26721.0293,26220.49023,26626.32031
29-09-2014,26694.41016,26715.76953,26518.00977,26597.10938
30-09-2014,26610.71094,26851.33008,26481.31055,26630.50977
01-10-2014,26681.4707,26683.69922,26548.2207,26567.99023
07-10-2014,26487.50977,26570.38086,26250.24023,26271.9707
08-10-2014,26229.66992,26338.31055,26150.08984,26246.78906
09-10-2014,26394.36914,26688.69922,26394.21094,26637.2793
10-10-2014,26551.74023,26555.91992,26261.60938,26297.38086
13-10-2014,26275.07031,26443.16016,26092.68945,26384.07031
14-10-2014,26537.41992,26550.78906,26212.00977,26349.33008
16-10-2014,26260.34961,26462.08008,25933.98047,25999.33984
17-10-2014,25950,26248.53906,25910.76953,26108.5293
20-10-2014,26434.16016,26517.90039,26368.93945,26429.84961
21-10-2014,26552.44922,26615.41016,26407,26575.65039
22-10-2014,26782.57031,26818.33008,26712.21094,26787.23047
23-10-2014,26889.50977,26930.23047,26827.67969,26851.05078
27-10-2014,26959.57031,26994.96094,26726.83984,26752.90039
28-10-2014,26788.73047,26907.14063,26764.15039,26880.82031
29-10-2014,27017.43945,27126.30078,26971.16016,27098.16992
30-10-2014,27098.93945,27390.59961,27088.65039,27346.33008
31-10-2014,27439.06055,27894.32031,27438.2793,27865.83008
03-11-2014,27943.03906,27969.82031,27785.40039,27860.38086
05-11-2014,27907.18945,28010.39063,27857.65039,27915.88086
07-11-2014,27902.71094,27980.92969,27739.56055,27868.63086
10-11-2014,27919.44922,28027.96094,27764.75,27874.73047
11-11-2014,27911.25,27996.91992,27790.40039,27910.06055
12-11-2014,27958.64063,28126.48047,27958.64063,28008.90039
13-11-2014,28048.56055,28098.74023,27822.69922,27940.64063
14-11-2014,27949.53906,28093.23047,27912.90039,28046.66016
17-11-2014,28018.67969,28205.71094,27921.33984,28177.88086
18-11-2014,28209.0293,28282.84961,28119.94922,28163.28906
19-11-2014,28193.90039,28294.00977,27963.50977,28032.84961
20-11-2014,28100.83984,28118.5293,27915.23047,28067.56055
21-11-2014,28100.09961,28360.66016,28038.40039,28334.63086
24-11-2014,28413.00977,28541.96094,28394.48047,28499.53906
25-11-2014,28520.75977,28541.2207,28217.5,28338.05078
26-11-2014,28321.58008,28470.15039,28261.31055,28386.18945
27-11-2014,28397.80078,28498.30078,28307.58008,28438.91016
28-11-2014,28490.71094,28822.36914,28483.99023,28693.99023
01-12-2014,28748.2207,28809.64063,28538.43945,28559.61914
02-12-2014,28522.46094,28576.39063,28386.46094,28444.00977
03-12-2014,28472.32031,28504.65039,28370.73047,28442.71094
04-12-2014,28616.92969,28808.7793,28448.94922,28562.82031
05-12-2014,28604.5,28651.75,28409.05078,28458.09961
08-12-2014,28433,28494.84961,28097.11914,28119.40039
09-12-2014,28134.2207,28157.5293,27763.82031,27797.00977
10-12-2014,27711.96094,27905.25,27710.0293,27831.09961
11-12-2014,27796.33984,27796.33984,27539.4707,27602.00977
12-12-2014,27598.96094,27692.32031,27320.05078,27350.67969
15-12-2014,27136.2793,27392.17969,27105.03906,27319.56055
16-12-2014,27181.17969,27199.36914,26736.23047,26781.43945
17-12-2014,26724.00977,26871.91016,26469.41992,26710.13086
18-12-2014,27053.85938,27180.91992,26900.57031,27126.57031
19-12-2014,27292.55078,27497.11914,27292.14063,27371.83984
22-12-2014,27479.86914,27725.26953,27382.32031,27701.78906
23-12-2014,27733.11914,27851.09961,27475.13086,27506.46094
24-12-2014,27530.25977,27571.25,27146.51953,27208.60938
30-12-2014,27478.30078,27478.30078,27312.28906,27403.53906
31-12-2014,27358.30078,27527.24023,27346,27499.41992
02-01-2015,27521.2793,27937.4707,27519.25977,27887.90039
05-01-2015,27978.42969,28064.49023,27786.84961,27842.32031
06-01-2015,27694.23047,27698.92969,26937.06055,26987.46094
07-01-2015,26983.42969,27051.59961,26776.11914,26908.82031
08-01-2015,27178.76953,27316.41016,27101.93945,27274.71094
09-01-2015,27404.18945,27507.66992,27119.63086,27458.38086
12-01-2015,27523.85938,27620.66016,27323.74023,27585.26953
13-01-2015,27611.56055,27670.18945,27324.58008,27425.73047
14-01-2015,27432.14063,27512.80078,27203.25,27346.82031
15-01-2015,27831.16016,28194.60938,27703.69922,28075.55078
16-01-2015,28056.60938,28176.09961,27945.31055,28121.89063
19-01-2015,28249.83984,28334.06055,28197.35938,28262.00977
20-01-2015,28324.84961,28829.28906,28324.84961,28784.66992
21-01-2015,28843.08984,28958.09961,28792.57031,28888.85938
22-01-2015,28957.78906,29060.41016,28892.23047,29006.01953
23-01-2015,29189.44922,29408.73047,29165.56055,29278.83984
26-01-2015,29189.44922,29408.73047,29165.56055,29278.83984
27-01-2015,29451.65039,29618.58984,29286.08984,29571.03906
28-01-2015,29565.7207,29786.32031,29417.66992,29559.17969
29-01-2015,29516.49023,29740.63086,29378.30078,29681.76953
30-01-2015,29801.59961,29844.16016,29070.48047,29182.94922
02-02-2015,29143.63086,29268.13086,28958.51953,29122.26953
03-02-2015,29217.40039,29253.06055,28900.41016,29000.14063
04-02-2015,29129.84961,29133.61914,28824.67969,28883.10938
05-02-2015,28912.38086,29277.83008,28753.28906,28850.9707
06-02-2015,28892.21094,28922.84961,28647.14063,28717.91016
09-02-2015,28566.5,28566.5,28183.32031,28227.39063
10-02-2015,28122.48047,28633.7207,28044.49023,28355.61914
11-02-2015,28450.25977,28618.91016,28424.39063,28533.9707
12-02-2015,28650.25,28838.51953,28406.25,28805.09961
13-02-2015,28888.99023,29154.66992,28835.69922,29094.92969
16-02-2015,29170.76953,29325.34961,29083.40039,29135.88086
17-02-2015,29170.76953,29325.34961,29083.40039,29135.88086
18-02-2015,29136.07031,29411.32031,29126.91016,29320.25977
19-02-2015,29434.91016,29522.85938,29108.15039,29462.26953
20-02-2015,29446.21094,29462.08984,29178.25977,29231.41016
23-02-2015,29316.58008,29362.96094,28913.16016,28975.10938
24-02-2015,29016.55078,29130.66992,28875.93945,29004.66016
25-02-2015,29115.32031,29269.83008,28967.60938,29007.99023
26-02-2015,29051.90039,29069.13086,28693.82031,28746.65039
27-02-2015,28865.11914,29254.01953,28837.06055,29220.11914
02-03-2015,29533.41992,29576.32031,29259.76953,29459.14063
03-03-2015,29500.18945,29636.85938,29364.86914,29593.73047
04-03-2015,29937.26953,30024.74023,29289.05078,29380.73047
05-03-2015,29436.76953,29518.32031,29162.4707,29448.94922
06-03-2015,29436.76953,29518.32031,29162.4707,29448.94922
09-03-2015,29316.53906,29321.06055,28799.75977,28844.7793
10-03-2015,28924.06055,28949.10938,28584.49023,28709.86914
11-03-2015,28725.75,28843.23047,28608.17969,28659.16992
12-03-2015,28798.60938,28971.00977,28772.71094,28930.41016
13-03-2015,29134.92969,29183.75977,28448.48047,28503.30078
16-03-2015,28546.31055,28581.82031,28384.08984,28437.71094
17-03-2015,28595,28784.34961,28435.44922,28736.38086
18-03-2015,28766.86914,28806.9707,28546.75977,28622.11914
19-03-2015,28805.2207,28978.74023,28411.69922,28469.66992
20-03-2015,28465.43945,28484.35938,28209.66016,28261.08008
23-03-2015,28317.28906,28385.14063,28163.90039,28192.01953
24-03-2015,28209.33008,28455.32031,28130.08984,28161.7207
25-03-2015,28216.08984,28249.59961,28031.41992,28111.83008
26-03-2015,27937.61914,27997.14063,27384.86914,27457.58008
27-03-2015,27649.7793,27694.41016,27248.44922,27458.64063
30-03-2015,27655.78906,28017.9707,27624.75977,27975.85938
31-03-2015,28069.84961,28180.64063,27868.21094,27957.49023
01-04-2015,27954.85938,28298.33984,27889.01953,28260.14063
02-04-2015,27954.85938,28298.33984,27889.01953,28260.14063
06-04-2015,28351.93945,28530.81055,28221.99023,28504.46094
07-04-2015,28582.33008,28641.08008,28274.35938,28516.58984
08-04-2015,28601.49023,28763.06055,28566.60938,28707.75
09-04-2015,28858.41992,28906.71094,28622.43945,28885.21094
10-04-2015,28889.26953,28907.81055,28756.75,28879.38086
13-04-2015,28955.13086,29072.50977,28843.93945,29044.43945
14-04-2015,28955.13086,29072.50977,28843.93945,29044.43945
15-04-2015,29087.25,29094.60938,28721.63086,28799.68945
16-04-2015,28876.23047,28876.23047,28497.69922,28666.03906
17-04-2015,28682.9707,28696.18945,28403.75977,28442.09961
20-04-2015,28525.65039,28539.46094,27802.36914,27886.21094
21-04-2015,27860.50977,27976.92969,27598.21094,27676.03906
22-04-2015,27756.67969,27947.25977,27385.48047,27890.13086
23-04-2015,27977.26953,28087.7793,27621.17969,27735.01953
24-04-2015,27804.58008,27829.10938,27344.69922,27437.93945
27-04-2015,27565.49023,27567.2793,27141.55078,27176.99023
28-04-2015,27215.60938,27482.14063,27073.25,27396.38086
29-04-2015,27395.71094,27438.96094,27176.53906,27225.92969
30-04-2015,27242.05078,27242.05078,26897.53906,27011.31055
01-05-2015,27242.05078,27242.05078,26897.53906,27011.31055
04-05-2015,27204.63086,27537.84961,27159.44922,27490.58984
05-05-2015,27561.32031,27603.71094,27338.23047,27440.14063
06-05-2015,27473.35938,27501.15039,26677.64063,26717.36914
07-05-2015,26721.33984,26850.36914,26423.99023,26599.10938
08-05-2015,26814.38086,27196.2793,26814.38086,27105.39063
11-05-2015,27249.41992,27544.24023,27231.2793,27507.30078
12-05-2015,27502.91016,27502.91016,26837.39063,26877.48047
13-05-2015,27023.71094,27299.80078,26750.00977,27251.09961
14-05-2015,27290.16992,27293.99023,26948.61914,27206.06055
15-05-2015,27233.90039,27379.57031,27159.75977,27324
18-05-2015,27416.9707,27725.9707,27370.2793,27687.30078
19-05-2015,27663.08008,27872.23047,27574.07031,27645.5293
20-05-2015,27749.30078,27903.00977,27743.99023,27837.21094
21-05-2015,27885.35938,27911.43945,27712.73047,27809.34961
22-05-2015,27849.53906,28071.16016,27828.60938,27957.5
25-05-2015,27893.25,27903.28906,27614.32031,27643.88086
26-05-2015,27633.66016,27675.93945,27473.53906,27531.41016
27-05-2015,27447.40039,27595.80078,27363.7207,27564.66016
28-05-2015,27619.31055,27666.36914,27354.34961,27506.71094
29-05-2015,27553.0293,27888.32031,27467.23047,27828.43945
01-06-2015,27770.78906,27959.42969,27737.58008,27848.99023
02-06-2015,27890.73047,27902.5293,27146.67969,27188.38086
03-06-2015,27230.67969,27276.2207,26698.25977,26837.19922
04-06-2015,26940.64063,26948.83984,26551.9707,26813.41992
05-06-2015,26819.82031,27014.41992,26718.43945,26768.49023
08-06-2015,26814.31055,26827.06055,26472.86914,26523.08984
09-06-2015,26510.28906,26604.65039,26438.32031,26481.25
10-06-2015,26517.32031,26934.74023,26493.28906,26840.5
11-06-2015,26959.98047,27000.14063,26348.92969,26370.98047
12-06-2015,26340.32031,26489.58008,26307.07031,26425.30078
15-06-2015,26498.66992,26728.59961,26307.83984,26586.55078
16-06-2015,26586.85938,26731.34961,26379.92969,26686.50977
17-06-2015,26815.41016,26983.48047,26728.89063,26832.66016
18-06-2015,26916.99023,27175.39063,26910.25977,27115.83008
19-06-2015,27207.75977,27404.59961,27202.38086,27316.16992
22-06-2015,27427.18945,27782.31055,27417.0293,27730.21094
23-06-2015,27760.10938,27882.66016,27666.58984,27804.36914
24-06-2015,27852.32031,27948.24023,27647.28906,27729.66992
25-06-2015,27660.2207,27968.75,27635.75977,27895.9707
26-06-2015,27880.7207,27921.85938,27675.16016,27811.83984
29-06-2015,27451.07031,27695.32031,27209.18945,27645.15039
30-06-2015,27627.39063,27814.5293,27570.94922,27780.83008
01-07-2015,27823.65039,28099.25,27799.91016,28020.86914
02-07-2015,28100.38086,28115.96094,27906.34961,27945.80078
03-07-2015,27973.11914,28135.42969,27897.44922,28092.78906
06-07-2015,27857.19922,28235.31055,27774.80078,28208.75977
07-07-2015,28220.10938,28335.23047,28084.35938,28171.68945
08-07-2015,28031.44922,28031.44922,27635.7207,27687.7207
09-07-2015,27681.49023,27798.13086,27540.59961,27573.66016
10-07-2015,27705.35938,27729.46094,27530.90039,27661.40039
13-07-2015,27739.32031,28005.16992,27635.06055,27961.18945
14-07-2015,27986.91992,28018.58984,27853.96094,27932.90039
15-07-2015,28022.14063,28218.36914,27986.48047,28198.28906
16-07-2015,28259.69922,28478.42969,28245.81055,28446.11914
17-07-2015,28480.91992,28576.32031,28417.46094,28463.31055
20-07-2015,28544.2793,28549.13086,28319.83008,28420.11914
21-07-2015,28381.82031,28518.06055,28138.30078,28182.14063
22-07-2015,28159.41992,28546.41992,28070.91016,28504.92969
23-07-2015,28540.9707,28578.33008,28315.36914,28370.83984
24-07-2015,28390.5,28402.64063,28083.75977,28112.31055
27-07-2015,28117.65039,28117.65039,27529.57031,27561.38086
28-07-2015,27630.21094,27676.65039,27416.39063,27459.23047
29-07-2015,27540.46094,27609.28906,27470.08984,27563.42969
30-07-2015,27685.82031,27854.46094,27649.9707,27705.34961
31-07-2015,27814.50977,28161.16992,27814.50977,28114.56055
03-08-2015,28089.08984,28263.34961,28071.36914,28187.06055
04-08-2015,28225.03906,28264.7207,27866.11914,28071.92969
05-08-2015,28138.03906,28315.71094,28135.67969,28223.08008
06-08-2015,28291.88086,28359.96094,28163.68945,28298.13086
07-08-2015,28327.10938,28335.66992,28193.92969,28236.39063
10-08-2015,28250.7793,28417.58984,28017.84961,28101.7207
11-08-2015,28193.25977,28205.11914,27825.83008,27866.08984
12-08-2015,27880.75977,27883.33008,27479.42969,27512.25977
13-08-2015,27635.25,27791.09961,27496.28906,27549.5293
14-08-2015,27668.06055,28100.64063,27643.19922,28067.31055
17-08-2015,28093.53906,28095.9707,27739.13086,27878.26953
18-08-2015,27949.13086,28040.73047,27747.40039,27831.53906
19-08-2015,27851.81055,28021.39063,27721.25,27931.64063
20-08-2015,27959.18945,27964.59961,27564.16016,27607.82031
21-08-2015,27440.09961,27442.82031,27131.43945,27366.07031
24-08-2015,26730.40039,26730.40039,25624.7207,25741.56055
25-08-2015,25916.25977,26124.83008,25298.41992,26032.38086
26-08-2015,26063.26953,26156.60938,25657.56055,25714.66016
27-08-2015,26137.0293,26302.76953,25943.75,26231.18945
28-08-2015,26542.83984,26687.33008,26270.16992,26392.38086
